<project version="4">
  <component name="FileEditorManager">
    <leaf>
      <file pinned="false" current-in-tab="true">
        <entry file="file://$PROJECT_DIR$/src/main/java/Donald.java">
          <provider selected="true" editor-type-id="text-editor">
            <state relative-caret-position="421">
              <caret line="57" selection-start-line="57" selection-end-line="78" />
              <folding>
                <element signature="imports" expanded="true" />
              </folding>
            </state>
          </provider>
        </entry>
      </file>
      <file pinned="false" current-in-tab="false">
        <entry file="file://$PROJECT_DIR$/pom.xml">
          <provider selected="true" editor-type-id="text-editor">
            <state relative-caret-position="484">
              <caret line="33" column="47" selection-start-line="33" selection-start-column="47" selection-end-line="33" selection-end-column="47" />
            </state>
          </provider>
        </entry>
      </file>
    </leaf>
  </component>
  <component name="FindInProjectRecents">
    <findStrings>
      <find>comment_</find>
      <find>sc-1hkogo-1 eKsLYv</find>
      <find>comment-</find>
    </findStrings>
  </component>
  <component name="IdeDocumentHistory">
    <option name="CHANGED_PATHS">
      <list>
        <option value="$PROJECT_DIR$/src/main/java/Donald.java" />
        <option value="$PROJECT_DIR$/pom.xml" />
      </list>
    </option>
  </component>
  <component name="MavenProjectNavigator">
    <treeState>
      <expand>
        <path>
          <item name="" type="16c1761:MavenProjectsStructure$RootNode" />
          <item name="donald" type="9519ce18:MavenProjectsStructure$ProjectNode" />
        </path>
        <path>
          <item name="" type="16c1761:MavenProjectsStructure$RootNode" />
          <item name="donald" type="9519ce18:MavenProjectsStructure$ProjectNode" />
          <item name="Lifecycle" type="58874e2:MavenProjectsStructure$LifecycleNode" />
        </path>
      </expand>
      <select />
    </treeState>
  </component>
  <component name="ProjectFrameBounds" extendedState="6">
    <option name="width" value="2560" />
    <option name="height" value="1400" />
  </component>
  <component name="ProjectView">
    <navigator proportions="" version="1">
      <foldersAlwaysOnTop value="true" />
    </navigator>
    <panes>
      <pane id="Scope" />
      <pane id="ProjectPane">
        <subPane>
          <expand>
            <path>
              <item name="Donald" type="b2602c69:ProjectViewProjectNode" />
              <item name="Donald" type="462c0819:PsiDirectoryNode" />
            </path>
            <path>
              <item name="Donald" type="b2602c69:ProjectViewProjectNode" />
              <item name="Donald" type="462c0819:PsiDirectoryNode" />
              <item name="src" type="462c0819:PsiDirectoryNode" />
            </path>
            <path>
              <item name="Donald" type="b2602c69:ProjectViewProjectNode" />
              <item name="Donald" type="462c0819:PsiDirectoryNode" />
              <item name="src" type="462c0819:PsiDirectoryNode" />
              <item name="main" type="462c0819:PsiDirectoryNode" />
            </path>
            <path>
              <item name="Donald" type="b2602c69:ProjectViewProjectNode" />
              <item name="Donald" type="462c0819:PsiDirectoryNode" />
              <item name="src" type="462c0819:PsiDirectoryNode" />
              <item name="main" type="462c0819:PsiDirectoryNode" />
              <item name="java" type="462c0819:PsiDirectoryNode" />
            </path>
          </expand>
          <select />
        </subPane>
      </pane>
      <pane id="PackagesPane" />
    </panes>
  </component>
  <component name="ToolWindowManager">
    <frame x="-8" y="-8" width="2576" height="1416" extended-state="6" />
    <layout>
      <window_info content_ui="combo" id="Project" order="0" visible="true" weight="0.12475169" />
      <window_info id="Structure" order="1" side_tool="true" weight="0.25" />
      <window_info id="Favorites" order="2" side_tool="true" />
      <window_info anchor="bottom" id="Message" order="0" />
      <window_info anchor="bottom" id="Find" order="1" />
      <window_info anchor="bottom" id="Run" order="2" weight="0.32498044" />
      <window_info anchor="bottom" id="Debug" order="3" weight="0.39937353" />
      <window_info anchor="bottom" id="Cvs" order="4" weight="0.25" />
      <window_info anchor="bottom" id="Inspection" order="5" weight="0.4" />
      <window_info anchor="bottom" id="TODO" order="6" />
      <window_info anchor="bottom" id="Services" order="7" />
      <window_info anchor="bottom" id="Version Control" order="8" />
      <window_info anchor="bottom" id="Terminal" order="9" />
      <window_info anchor="bottom" id="Event Log" order="10" side_tool="true" />
      <window_info anchor="bottom" id="Build" order="11" weight="0.32498044" />
      <window_info anchor="bottom" id="Messages" order="12" weight="0.32498044" />
      <window_info anchor="right" id="Commander" order="0" weight="0.4" />
      <window_info anchor="right" id="Ant Build" order="1" weight="0.25" />
      <window_info anchor="right" content_ui="combo" id="Hierarchy" order="2" weight="0.25" />
      <window_info anchor="right" id="Maven" order="3" visible="true" weight="0.12832737" />
      <window_info anchor="right" id="Theme Preview" order="4" />
      <window_info anchor="right" id="Ant" order="5" />
    </layout>
  </component>
  <component name="editorHistoryManager">
    <entry file="file://$PROJECT_DIR$/pom.xml">
      <provider selected="true" editor-type-id="text-editor">
        <state relative-caret-position="484">
          <caret line="33" column="47" selection-start-line="33" selection-start-column="47" selection-end-line="33" selection-end-column="47" />
        </state>
      </provider>
    </entry>
    <entry file="file://$PROJECT_DIR$/src/main/java/Donald.java">
      <provider selected="true" editor-type-id="text-editor">
        <state relative-caret-position="421">
          <caret line="57" selection-start-line="57" selection-end-line="78" />
          <folding>
            <element signature="imports" expanded="true" />
          </folding>
        </state>
      </provider>
    </entry>
  </component>
  <component name="masterDetails">
    <states>
      <state key="ArtifactsStructureConfigurable.UI">
        <settings>
          <artifact-editor />
          <splitter-proportions>
            <option name="proportions">
              <list>
                <option value="0.2" />
              </list>
            </option>
          </splitter-proportions>
        </settings>
      </state>
      <state key="FacetStructureConfigurable.UI">
        <settings>
          <last-edited>No facets are configured</last-edited>
          <splitter-proportions>
            <option name="proportions">
              <list>
                <option value="0.2" />
              </list>
            </option>
          </splitter-proportions>
        </settings>
      </state>
      <state key="GlobalLibrariesConfigurable.UI">
        <settings>
          <last-edited>angular-animate-DefinitelyTyped</last-edited>
          <splitter-proportions>
            <option name="proportions">
              <list>
                <option value="0.2" />
              </list>
            </option>
          </splitter-proportions>
        </settings>
      </state>
      <state key="JdkListConfigurable.UI">
        <settings>
          <last-edited>11</last-edited>
          <splitter-proportions>
            <option name="proportions">
              <list>
                <option value="0.2" />
              </list>
            </option>
          </splitter-proportions>
        </settings>
      </state>
      <state key="ModuleStructureConfigurable.UI">
        <settings>
          <last-edited>Donald</last-edited>
          <splitter-proportions>
            <option name="proportions">
              <list>
                <option value="0.2" />
                <option value="0.6" />
              </list>
            </option>
          </splitter-proportions>
        </settings>
      </state>
      <state key="ProjectLibrariesConfigurable.UI">
        <settings>
          <last-edited>Maven: com.google.code.gson:gson:2.8.6</last-edited>
          <splitter-proportions>
            <option name="proportions">
              <list>
                <option value="0.2" />
              </list>
            </option>
          </splitter-proportions>
        </settings>
      </state>
    </states>
  </component>
</project>