<project version="4">
  <component name="FileEditorManager">
    <leaf SIDE_TABS_SIZE_LIMIT_KEY="300">
      <file pinned="false" current-in-tab="false">
        <entry file="file://$PROJECT_DIR$/pom.xml">
          <provider selected="true" editor-type-id="text-editor">
            <state relative-caret-position="2438">
              <caret line="106" column="51" selection-start-line="106" selection-start-column="22" selection-end-line="106" selection-end-column="51" />
            </state>
          </provider>
        </entry>
      </file>
      <file pinned="false" current-in-tab="false">
        <entry file="file://$PROJECT_DIR$/src/main/resources/ConnectionTest.feature">
          <provider selected="true" editor-type-id="text-editor">
            <state relative-caret-position="552">
              <caret line="24" column="25" selection-start-line="24" selection-start-column="25" selection-end-line="24" selection-end-column="25" />
            </state>
          </provider>
        </entry>
      </file>
      <file pinned="false" current-in-tab="false">
        <entry file="file://$PROJECT_DIR$/src/main/java/pl/kir/psd2/tpp/conn/StepDefinitions.java">
          <provider selected="true" editor-type-id="text-editor">
            <state relative-caret-position="-2063">
              <caret line="248" lean-forward="true" selection-start-line="248" selection-end-line="248" />
              <folding>
                <element signature="imports" expanded="true" />
              </folding>
            </state>
          </provider>
        </entry>
      </file>
      <file pinned="false" current-in-tab="false">
        <entry file="file://$PROJECT_DIR$/src/main/java/pl/kir/psd2/tpp/conn/BaseHook.java">
          <provider selected="true" editor-type-id="text-editor">
            <state relative-caret-position="276">
              <caret line="18" column="5" selection-start-line="18" selection-start-column="5" selection-end-line="18" selection-end-column="5" />
            </state>
          </provider>
        </entry>
      </file>
      <file pinned="false" current-in-tab="false">
        <entry file="file://$PROJECT_DIR$/src/main/java/pl/kir/psd2/tpp/conn/crypto/BodySigner.java">
          <provider selected="true" editor-type-id="text-editor">
            <state relative-caret-position="484">
              <caret line="43" column="18" selection-start-line="43" selection-start-column="18" selection-end-line="43" selection-end-column="18" />
              <folding>
                <element signature="imports" expanded="true" />
              </folding>
            </state>
          </provider>
        </entry>
      </file>
      <file pinned="false" current-in-tab="true">
        <entry file="file://$PROJECT_DIR$/src/main/java/pl/kir/psd2/tpp/conn/api/ScopeDetailsHelper.java">
          <provider selected="true" editor-type-id="text-editor">
            <state relative-caret-position="-2546">
              <caret line="5" selection-start-line="5" selection-end-line="5" />
              <folding>
                <element signature="e#6110#6111#0" expanded="true" />
                <element signature="e#6144#6145#0" expanded="true" />
                <element signature="e#6198#6199#0" expanded="true" />
                <element signature="e#6244#6245#0" expanded="true" />
                <element signature="e#6280#6281#0" expanded="true" />
                <element signature="e#6312#6313#0" expanded="true" />
                <element signature="e#6362#6363#0" expanded="true" />
                <element signature="e#6404#6405#0" expanded="true" />
                <element signature="e#6433#6434#0" expanded="true" />
                <element signature="e#6458#6459#0" expanded="true" />
                <element signature="e#6494#6495#0" expanded="true" />
                <element signature="e#6522#6523#0" expanded="true" />
              </folding>
            </state>
          </provider>
        </entry>
      </file>
      <file pinned="false" current-in-tab="false">
        <entry file="file://$PROJECT_DIR$/src/main/java/pl/kir/psd2/tpp/conn/crypto/KeyPair.java">
          <provider selected="true" editor-type-id="text-editor">
            <state relative-caret-position="651">
              <caret line="99" column="59" selection-start-line="99" selection-start-column="59" selection-end-line="99" selection-end-column="59" />
            </state>
          </provider>
        </entry>
      </file>
    </leaf>
  </component>
  <component name="IdeDocumentHistory">
    <option name="CHANGED_PATHS">
      <list>
        <option value="$PROJECT_DIR$/src/test/java/pl/kir/psd2/tpp/conn/CucumberTests.java" />
        <option value="$PROJECT_DIR$/src/test/java/pl/kir/psd2/tpp/conn/BaseHook.java" />
        <option value="$PROJECT_DIR$/src/test/java/pl/kir/psd2/tpp/conn/StepDefinitions.java" />
        <option value="$PROJECT_DIR$/src/test/resources/MyTest.feature" />
        <option value="$PROJECT_DIR$/src/test/java/pl/kir/psd2/tpp/conn/common/certificate/model/QCertificateFactory.java" />
        <option value="$PROJECT_DIR$/src/main/java/pl/kir/psd2/tpp/conn/common/certificate/model/QwaCertificate.java" />
        <option value="$PROJECT_DIR$/src/main/java/pl/kir/psd2/tpp/conn/common/certificate/signature/BodySignerImpl.java" />
        <option value="$PROJECT_DIR$/src/main/java/pl/kir/psd2/tpp/conn/common/certificate/signature/JwsSignerFactoryImpl.java" />
        <option value="$PROJECT_DIR$/src/main/java/pl/kir/psd2/tpp/conn/common/certificate/model/QPrivateKeyFactoryImpl.kt" />
        <option value="$PROJECT_DIR$/src/main/java/pl/kir/psd2/tpp/conn/common/certificate/model/QPrivateKeyFactory.kt" />
        <option value="$PROJECT_DIR$/src/main/java/pl/kir/psd2/tpp/conn/common/certificate/model/QPrivateKeyFactoryImpl.java" />
        <option value="$PROJECT_DIR$/src/main/java/pl/kir/psd2/tpp/conn/common/certificate/signature/JwsSignerFactory.java" />
        <option value="$PROJECT_DIR$/src/main/java/pl/kir/psd2/tpp/conn/common/certificate/model/QPrivateKeyFactory.java" />
        <option value="$PROJECT_DIR$/src/main/java/pl/kir/psd2/tpp/conn/common/certificate/signature/BodySigner.java" />
        <option value="$PROJECT_DIR$/src/main/java/pl/kir/psd2/tpp/conn/common/certificate/signature/QKeyManagerFactoryImpl.java" />
        <option value="$PROJECT_DIR$/src/main/java/pl/kir/psd2/tpp/conn/common/certificate/ssl/QKeyManagerFactoryImpl.java" />
        <option value="$PROJECT_DIR$/src/main/java/pl/kir/psd2/tpp/conn/common/certificate/ssl/QKeyManagerFactory.java" />
        <option value="$PROJECT_DIR$/src/main/java/pl/kir/psd2/tpp/conn/common/certificate/model/QCertificateFactory.java" />
        <option value="$PROJECT_DIR$/src/main/java/pl/kir/psd2/tpp/conn/common/certificate/model/QsealCertificate.java" />
        <option value="$PROJECT_DIR$/src/main/java/pl/kir/psd2/tpp/conn/Test.java" />
        <option value="$PROJECT_DIR$/src/main/java/pl/kir/psd2/tpp/conn/CucumberTests.java" />
        <option value="$PROJECT_DIR$/src/main/java/pl/kir/psd2/tpp/conn/BodySigner.java" />
        <option value="$PROJECT_DIR$/src/main/java/pl/kir/psd2/tpp/conn/GsonConfig.java" />
        <option value="$PROJECT_DIR$/src/main/java/pl/kir/psd2/tpp/conn/Certificates.java" />
        <option value="$PROJECT_DIR$/src/main/java/pl/kir/psd2/tpp/conn/ConnectionTestStepDefinitions.java" />
        <option value="$PROJECT_DIR$/src/main/java/pl/kir/psd2/tpp/conn/ConnectionTest.java" />
        <option value="$PROJECT_DIR$/src/main/java/pl/kir/psd2/tpp/conn/BodySignerTest.java" />
        <option value="$PROJECT_DIR$/src/main/java/pl/kir/psd2/tpp/conn/internal/GsonConfig.java" />
        <option value="$PROJECT_DIR$/src/main/java/pl/kir/psd2/tpp/conn/internal/SignatureVerifier.java" />
        <option value="$PROJECT_DIR$/src/main/java/pl/kir/psd2/tpp/conn/internal/FUDOTokenGenerator.java" />
        <option value="$PROJECT_DIR$/target/generated-sources/swagger/src/main/java/pl/kir/psd2/tpp/polishapi/api/AsApi.java" />
        <option value="$PROJECT_DIR$/target/generated-sources/swagger/src/main/java/pl/kir/psd2/tpp/polishapi/ApiClient.java" />
        <option value="$PROJECT_DIR$/src/main/resources/MyTest.feature" />
        <option value="$PROJECT_DIR$/src/test/java/pol/kir/psd2/tpp/conn/ConnectionTest.java" />
        <option value="$PROJECT_DIR$/src/test/resource/MyTest.feature" />
        <option value="$PROJECT_DIR$/src/test/java/pl/kir/psd2/tpp/conn/ConnectionTest.java" />
        <option value="$PROJECT_DIR$/pom.xml" />
        <option value="$PROJECT_DIR$/src/main/java/pl/kir/psd2/tpp/conn/crypto/BodySignerImpl.java" />
        <option value="$PROJECT_DIR$/src/main/java/pl/kir/psd2/tpp/conn/crypto/KeyPair.java" />
        <option value="$PROJECT_DIR$/src/main/java/pl/kir/psd2/tpp/conn/crypto/TppIdProvider.java" />
        <option value="$PROJECT_DIR$/src/main/java/pl/kir/psd2/tpp/conn/crypto/SignatureVerifier.java" />
        <option value="$PROJECT_DIR$/src/main/resources/ConnectionTestMock.feature" />
        <option value="$PROJECT_DIR$/src/main/resources/ConnectionTestHeutes.feature" />
        <option value="$PROJECT_DIR$/src/main/java/pl/kir/psd2/tpp/conn/api/ScopeDetailsHelper.java" />
        <option value="$PROJECT_DIR$/src/main/java/pl/kir/psd2/tpp/conn/StepDefinitions.java" />
        <option value="$PROJECT_DIR$/src/main/java/pl/kir/psd2/tpp/conn/BaseHook.java" />
        <option value="$PROJECT_DIR$/src/main/resources/ConnectionTest.feature" />
        <option value="$PROJECT_DIR$/src/main/java/pl/kir/psd2/tpp/conn/crypto/BodySigner.java" />
      </list>
    </option>
  </component>
  <component name="MavenProjectNavigator">
    <treeState>
      <expand />
      <select />
    </treeState>
  </component>
  <component name="ProjectView">
    <navigator proportions="" version="1">
      <foldersAlwaysOnTop value="true" />
    </navigator>
    <panes>
      <pane id="PackagesPane" />
      <pane id="ProjectPane" />
      <pane id="Scope" />
    </panes>
  </component>
  <component name="ToolWindowManager">
    <frame x="-8" y="-8" width="2576" height="1416" extended-state="6" />
    <layout>
      <window_info content_ui="combo" id="Project" order="0" visible="true" weight="0.19745728" />
      <window_info id="Structure" order="1" side_tool="true" weight="0.25" />
      <window_info id="Image Layers" order="2" />
      <window_info id="Designer" order="3" />
      <window_info id="UI Designer" order="4" />
      <window_info id="Capture Tool" order="5" />
      <window_info id="Favorites" order="6" side_tool="true" />
      <window_info anchor="bottom" id="Build" />
      <window_info anchor="bottom" id="Services" />
      <window_info anchor="bottom" id="Message" order="0" />
      <window_info anchor="bottom" id="Find" order="1" weight="0.32917038" />
      <window_info anchor="bottom" id="Run" order="2" weight="0.38425383" />
      <window_info anchor="bottom" id="Debug" order="3" weight="0.4" />
      <window_info anchor="bottom" id="Cvs" order="4" weight="0.25" />
      <window_info anchor="bottom" id="Inspection" order="5" weight="0.4" />
      <window_info anchor="bottom" id="TODO" order="6" />
      <window_info anchor="bottom" id="Terminal" order="7" />
      <window_info anchor="bottom" id="Event Log" order="8" side_tool="true" />
      <window_info anchor="bottom" id="Version Control" order="9" show_stripe_button="false" />
      <window_info anchor="bottom" id="Messages" order="10" weight="0.28907168" />
      <window_info anchor="right" id="Ant" />
      <window_info anchor="right" id="Commander" order="0" weight="0.4" />
      <window_info anchor="right" id="Ant Build" order="1" weight="0.25" />
      <window_info anchor="right" content_ui="combo" id="Hierarchy" order="2" weight="0.25" />
      <window_info anchor="right" id="Palette" order="3" />
      <window_info anchor="right" id="Capture Analysis" order="4" />
      <window_info anchor="right" id="Theme Preview" order="5" />
      <window_info anchor="right" id="Palette&#9;" order="6" />
      <window_info anchor="right" id="Maven Projects" order="7" weight="0.12313433" />
      <window_info active="true" anchor="right" id="Maven" order="8" visible="true" weight="0.18037346" />
    </layout>
  </component>
  <component name="editorHistoryManager">
    <entry file="file://$PROJECT_DIR$/target/generated-sources/swagger/src/main/java/pl/kir/psd2/tpp/polishapi/JSON.java" />
    <entry file="file://$PROJECT_DIR$/src/main/java/pl/kir/psd2/tpp/conn/common/certificate/model/QsealCertificate.java" />
    <entry file="file://$PROJECT_DIR$/target/generated-sources/swagger/src/main/java/pl/kir/psd2/tpp/polishapi/model/RequestHeaderWithoutTokenAS.java" />
    <entry file="file://$PROJECT_DIR$/src/main/java/pl/kir/psd2/tpp/conn/common/certificate/BodySigner.java" />
    <entry file="file://$PROJECT_DIR$/src/main/java/pl/kir/psd2/tpp/conn/common/certificate/model/QCertificateFactory.java" />
    <entry file="file://$PROJECT_DIR$/src/main/java/pl/kir/psd2/tpp/conn/common/certificate/model/QPrivateKeyFactory.java" />
    <entry file="file://$PROJECT_DIR$/src/main/resources/certs/QWAC_ALLEGRO.pem">
      <provider selected="true" editor-type-id="text-editor">
        <state>
          <caret selection-end-line="40" />
        </state>
      </provider>
    </entry>
    <entry file="file://$PROJECT_DIR$/src/main/resources/certs/QWAC_ALLEGRO.ppk">
      <provider selected="true" editor-type-id="text-editor">
        <state>
          <caret selection-end-line="27" />
        </state>
      </provider>
    </entry>
    <entry file="file://$PROJECT_DIR$/src/main/resources/certs/QSEALC_ALLEGRO.pem">
      <provider selected="true" editor-type-id="text-editor">
        <state relative-caret-position="247">
          <caret line="13" column="42" selection-end-line="40" />
        </state>
      </provider>
    </entry>
    <entry file="file://$PROJECT_DIR$/src/main/resources/certs/QSEALC_ALLEGRO.ppk">
      <provider selected="true" editor-type-id="text-editor">
        <state>
          <caret selection-end-line="27" />
        </state>
      </provider>
    </entry>
    <entry file="file://$PROJECT_DIR$/src/main/resources/certs/HUB_PSD2_TEST_SUB_CA1.chain.cer">
      <provider selected="true" editor-type-id="text-editor">
        <state relative-caret-position="266">
          <caret line="14" column="64" lean-forward="true" selection-end-line="64" />
        </state>
      </provider>
    </entry>
    <entry file="file://$PROJECT_DIR$/src/main/java/pl/kir/psd2/tpp/conn/ConnectionTestStepDefinitions.java" />
    <entry file="file://$PROJECT_DIR$/src/main/java/pl/kir/psd2/tpp/conn/BodySignerTest.java" />
    <entry file="file://$PROJECT_DIR$/src/main/java/pl/kir/psd2/tpp/conn/internal/Certificates.java" />
    <entry file="file://$PROJECT_DIR$/target/generated-sources/swagger/src/main/java/pl/kir/psd2/tpp/polishapi/model/PrivilegeAisAspspInSimple.java" />
    <entry file="file://$PROJECT_DIR$/target/generated-sources/swagger/src/main/java/pl/kir/psd2/tpp/polishapi/model/ScopeDetailsInputPrivilegeList.java" />
    <entry file="file://$PROJECT_DIR$/target/generated-sources/swagger/src/main/java/pl/kir/psd2/tpp/polishapi/model/ScopeDetailsInput.java" />
    <entry file="file://$APPLICATION_CONFIG_DIR$/idea64.exe.vmoptions">
      <provider selected="true" editor-type-id="text-editor">
        <state relative-caret-position="247">
          <caret line="13" column="33" lean-forward="true" selection-start-line="13" selection-start-column="33" selection-end-line="13" selection-end-column="33" />
        </state>
      </provider>
    </entry>
    <entry file="file://$PROJECT_DIR$/target/generated-sources/swagger/src/main/java/pl/kir/psd2/tpp/polishapi/model/RequestHeaderCallback.java" />
    <entry file="jar://C:/Program Files/Java/jdk1.8.0_191/src.zip!/java/net/Proxy.java" />
    <entry file="file://$PROJECT_DIR$/target/generated-sources/swagger/src/main/java/pl/kir/psd2/tpp/polishapi/ProgressRequestBody.java" />
    <entry file="file://$PROJECT_DIR$/target/generated-sources/swagger/src/main/java/pl/kir/psd2/tpp/polishapi/api/AisApi.java" />
    <entry file="file://$PROJECT_DIR$/target/generated-sources/swagger/src/main/java/pl/kir/psd2/tpp/polishapi/api/PisApi.java" />
    <entry file="jar://$MAVEN_REPOSITORY$/com/squareup/okhttp/okhttp/2.7.5/okhttp-2.7.5.jar!/com/squareup/okhttp/OkHttpClient.class">
      <provider selected="true" editor-type-id="text-editor">
        <state relative-caret-position="174">
          <caret line="345" column="20" lean-forward="true" selection-start-line="345" selection-start-column="20" selection-end-line="345" selection-end-column="20" />
        </state>
      </provider>
    </entry>
    <entry file="jar://$MAVEN_REPOSITORY$/com/squareup/okhttp/okhttp/2.7.5/okhttp-2.7.5.jar!/com/squareup/okhttp/Headers.class">
      <provider selected="true" editor-type-id="text-editor">
        <state relative-caret-position="-523">
          <caret line="233" column="23" selection-start-line="233" selection-start-column="23" selection-end-line="233" selection-end-column="23" />
        </state>
      </provider>
    </entry>
    <entry file="jar://$MAVEN_REPOSITORY$/com/squareup/okhttp/okhttp/2.7.5/okhttp-2.7.5.jar!/com/squareup/okhttp/Request.class">
      <provider selected="true" editor-type-id="text-editor">
        <state relative-caret-position="142">
          <caret line="156" column="27" selection-start-line="156" selection-start-column="27" selection-end-line="156" selection-end-column="27" />
        </state>
      </provider>
    </entry>
    <entry file="jar://$MAVEN_REPOSITORY$/com/squareup/okhttp/okhttp/2.7.5/okhttp-2.7.5.jar!/com/squareup/okhttp/Call.class">
      <provider selected="true" editor-type-id="text-editor">
        <state relative-caret-position="3933">
          <caret line="230" column="59" lean-forward="true" selection-start-line="230" selection-start-column="59" selection-end-line="230" selection-end-column="59" />
        </state>
      </provider>
    </entry>
    <entry file="file://$PROJECT_DIR$/target/generated-sources/swagger/src/main/java/pl/kir/psd2/tpp/polishapi/api/AsApi.java" />
    <entry file="file://$PROJECT_DIR$/target/generated-sources/swagger/src/main/java/pl/kir/psd2/tpp/polishapi/ApiResponse.java" />
    <entry file="file://$PROJECT_DIR$/target/generated-sources/swagger/src/main/java/pl/kir/psd2/tpp/polishapi/model/RequestHeaderWithoutToken.java" />
    <entry file="file://$PROJECT_DIR$/target/generated-sources/swagger/src/main/java/pl/kir/psd2/tpp/polishapi/api/CafApi.java" />
    <entry file="file://$PROJECT_DIR$/src/test/java/pol/kir/psd2/tpp/conn.java" />
    <entry file="file://$PROJECT_DIR$/src/main/java/pl/kir/psd2/tpp/conn/internal/GsonConfig.java">
      <provider selected="true" editor-type-id="text-editor">
        <state relative-caret-position="451">
          <caret line="80" column="21" selection-start-line="80" selection-start-column="21" selection-end-line="80" selection-end-column="21" />
        </state>
      </provider>
    </entry>
    <entry file="jar://C:/Program Files/Java/jdk1.8.0_191/src.zip!/java/net/URLConnection.java" />
    <entry file="file://$PROJECT_DIR$/src/main/java/pl/kir/psd2/tpp/conn/internal/FUDOTokenGenerator.java" />
    <entry file="file://$PROJECT_DIR$/target/generated-sources/swagger/src/main/java/pl/kir/psd2/tpp/polishapi/ApiClient.java" />
    <entry file="jar://C:/Program Files/Java/jdk1.8.0_191/jre/lib/rt.jar!/sun/misc/IOUtils.class" />
    <entry file="file://$PROJECT_DIR$/src/main/java/pl/kir/psd2/tpp/conn/crypto/BodySignerImpl.java" />
    <entry file="file://$PROJECT_DIR$/src/main/java/pl/kir/psd2/tpp/conn/ConnectionTest.java">
      <provider selected="true" editor-type-id="text-editor">
        <state relative-caret-position="120">
          <caret line="7" column="93" selection-start-line="7" selection-start-column="93" selection-end-line="7" selection-end-column="93" />
        </state>
      </provider>
    </entry>
    <entry file="file://$PROJECT_DIR$/src/main/java/pl/kir/psd2/tpp/conn/crypto/TppIdProvider.java" />
    <entry file="file://$PROJECT_DIR$/src/main/resources/ConnectionTestHeutes.feature" />
    <entry file="file://$PROJECT_DIR$/src/main/java/pl/kir/psd2/tpp/conn/crypto/SignatureVerifier.java">
      <provider selected="true" editor-type-id="text-editor">
        <state>
          <caret line="30" lean-forward="true" selection-start-line="30" selection-end-line="30" />
          <folding>
            <element signature="imports" expanded="true" />
            <element signature="e#4971#4972#0" expanded="true" />
          </folding>
        </state>
      </provider>
    </entry>
    <entry file="jar://$MAVEN_REPOSITORY$/com/squareup/okhttp/okhttp/2.7.5/okhttp-2.7.5.jar!/com/squareup/okhttp/Interceptor.class">
      <provider selected="true" editor-type-id="text-editor">
        <state relative-caret-position="144">
          <caret line="9" column="17" selection-start-line="9" selection-start-column="17" selection-end-line="9" selection-end-column="17" />
        </state>
      </provider>
    </entry>
    <entry file="jar://$MAVEN_REPOSITORY$/com/fasterxml/uuid/java-uuid-generator/3.1.5/java-uuid-generator-3.1.5.jar!/com/fasterxml/uuid/Generators.class">
      <provider selected="true" editor-type-id="text-editor">
        <state relative-caret-position="144">
          <caret line="16" column="13" selection-start-line="16" selection-start-column="13" selection-end-line="16" selection-end-column="13" />
        </state>
      </provider>
    </entry>
    <entry file="file://$PROJECT_DIR$/pom.xml">
      <provider selected="true" editor-type-id="text-editor">
        <state relative-caret-position="2438">
          <caret line="106" column="51" selection-start-line="106" selection-start-column="22" selection-end-line="106" selection-end-column="51" />
        </state>
      </provider>
    </entry>
    <entry file="file://$PROJECT_DIR$/src/main/resources/ConnectionTest.feature">
      <provider selected="true" editor-type-id="text-editor">
        <state relative-caret-position="552">
          <caret line="24" column="25" selection-start-line="24" selection-start-column="25" selection-end-line="24" selection-end-column="25" />
        </state>
      </provider>
    </entry>
    <entry file="file://$PROJECT_DIR$/src/main/java/pl/kir/psd2/tpp/conn/StepDefinitions.java">
      <provider selected="true" editor-type-id="text-editor">
        <state relative-caret-position="-2063">
          <caret line="248" lean-forward="true" selection-start-line="248" selection-end-line="248" />
          <folding>
            <element signature="imports" expanded="true" />
          </folding>
        </state>
      </provider>
    </entry>
    <entry file="file://$PROJECT_DIR$/src/main/java/pl/kir/psd2/tpp/conn/BaseHook.java">
      <provider selected="true" editor-type-id="text-editor">
        <state relative-caret-position="276">
          <caret line="18" column="5" selection-start-line="18" selection-start-column="5" selection-end-line="18" selection-end-column="5" />
        </state>
      </provider>
    </entry>
    <entry file="file://$PROJECT_DIR$/src/main/java/pl/kir/psd2/tpp/conn/crypto/BodySigner.java">
      <provider selected="true" editor-type-id="text-editor">
        <state relative-caret-position="484">
          <caret line="43" column="18" selection-start-line="43" selection-start-column="18" selection-end-line="43" selection-end-column="18" />
          <folding>
            <element signature="imports" expanded="true" />
          </folding>
        </state>
      </provider>
    </entry>
    <entry file="file://$PROJECT_DIR$/src/main/java/pl/kir/psd2/tpp/conn/crypto/KeyPair.java">
      <provider selected="true" editor-type-id="text-editor">
        <state relative-caret-position="651">
          <caret line="99" column="59" selection-start-line="99" selection-start-column="59" selection-end-line="99" selection-end-column="59" />
        </state>
      </provider>
    </entry>
    <entry file="file://$PROJECT_DIR$/src/main/java/pl/kir/psd2/tpp/conn/api/ScopeDetailsHelper.java">
      <provider selected="true" editor-type-id="text-editor">
        <state relative-caret-position="-2546">
          <caret line="5" selection-start-line="5" selection-end-line="5" />
          <folding>
            <element signature="e#6110#6111#0" expanded="true" />
            <element signature="e#6144#6145#0" expanded="true" />
            <element signature="e#6198#6199#0" expanded="true" />
            <element signature="e#6244#6245#0" expanded="true" />
            <element signature="e#6280#6281#0" expanded="true" />
            <element signature="e#6312#6313#0" expanded="true" />
            <element signature="e#6362#6363#0" expanded="true" />
            <element signature="e#6404#6405#0" expanded="true" />
            <element signature="e#6433#6434#0" expanded="true" />
            <element signature="e#6458#6459#0" expanded="true" />
            <element signature="e#6494#6495#0" expanded="true" />
            <element signature="e#6522#6523#0" expanded="true" />
          </folding>
        </state>
      </provider>
    </entry>
  </component>
</project>