<project version="4">
  <component name="FileEditorManager">
    <leaf>
      <file pinned="false" current-in-tab="true">
        <entry file="file://$PROJECT_DIR$/src/com/company/Main.java">
          <provider selected="true" editor-type-id="text-editor">
            <state relative-caret-position="621">
              <caret line="27" lean-forward="true" selection-start-line="27" selection-end-line="27" />
              <folding>
                <element signature="imports" expanded="true" />
              </folding>
            </state>
          </provider>
        </entry>
      </file>
    </leaf>
  </component>
  <component name="IdeDocumentHistory">
    <option name="CHANGED_PATHS">
      <list>
        <option value="$PROJECT_DIR$/src/com/company/Main.java" />
      </list>
    </option>
  </component>
  <component name="ProjectFrameBounds" extendedState="6">
    <option name="x" value="-6" />
    <option name="y" value="-6" />
    <option name="width" value="1242" />
    <option name="height" value="704" />
  </component>
  <component name="ProjectView">
    <navigator proportions="" version="1">
      <foldersAlwaysOnTop value="true" />
    </navigator>
    <panes>
      <pane id="ProjectPane">
        <subPane>
          <expand>
            <path>
              <item name="LogCreator" type="b2602c69:ProjectViewProjectNode" />
              <item name="LogCreator" type="462c0819:PsiDirectoryNode" />
            </path>
            <path>
              <item name="LogCreator" type="b2602c69:ProjectViewProjectNode" />
              <item name="LogCreator" type="462c0819:PsiDirectoryNode" />
              <item name="out" type="462c0819:PsiDirectoryNode" />
            </path>
            <path>
              <item name="LogCreator" type="b2602c69:ProjectViewProjectNode" />
              <item name="LogCreator" type="462c0819:PsiDirectoryNode" />
              <item name="out" type="462c0819:PsiDirectoryNode" />
              <item name="production" type="462c0819:PsiDirectoryNode" />
            </path>
            <path>
              <item name="LogCreator" type="b2602c69:ProjectViewProjectNode" />
              <item name="LogCreator" type="462c0819:PsiDirectoryNode" />
              <item name="out" type="462c0819:PsiDirectoryNode" />
              <item name="production" type="462c0819:PsiDirectoryNode" />
              <item name="LogCreator" type="462c0819:PsiDirectoryNode" />
            </path>
            <path>
              <item name="LogCreator" type="b2602c69:ProjectViewProjectNode" />
              <item name="LogCreator" type="462c0819:PsiDirectoryNode" />
              <item name="out" type="462c0819:PsiDirectoryNode" />
              <item name="production" type="462c0819:PsiDirectoryNode" />
              <item name="LogCreator" type="462c0819:PsiDirectoryNode" />
              <item name="com" type="462c0819:PsiDirectoryNode" />
            </path>
            <path>
              <item name="LogCreator" type="b2602c69:ProjectViewProjectNode" />
              <item name="LogCreator" type="462c0819:PsiDirectoryNode" />
              <item name="out" type="462c0819:PsiDirectoryNode" />
              <item name="production" type="462c0819:PsiDirectoryNode" />
              <item name="LogCreator" type="462c0819:PsiDirectoryNode" />
              <item name="com" type="462c0819:PsiDirectoryNode" />
              <item name="company" type="462c0819:PsiDirectoryNode" />
            </path>
          </expand>
          <select />
        </subPane>
      </pane>
      <pane id="PackagesPane" />
      <pane id="Scope" />
    </panes>
  </component>
  <component name="ToolWindowManager">
    <frame x="-8" y="-8" width="2576" height="1416" extended-state="6" />
    <editor active="true" />
    <layout>
      <window_info active="true" content_ui="combo" id="Project" order="0" visible="true" weight="0.25188717" />
      <window_info id="Structure" order="1" side_tool="true" weight="0.25" />
      <window_info id="Favorites" order="2" side_tool="true" />
      <window_info anchor="bottom" id="Messages" />
      <window_info anchor="bottom" id="Message" order="0" />
      <window_info anchor="bottom" id="Find" order="1" />
      <window_info anchor="bottom" id="Run" order="2" weight="0.32967892" />
      <window_info anchor="bottom" id="Debug" order="3" weight="0.4" />
      <window_info anchor="bottom" id="Cvs" order="4" weight="0.25" />
      <window_info anchor="bottom" id="Inspection" order="5" weight="0.4" />
      <window_info anchor="bottom" id="TODO" order="6" />
      <window_info anchor="bottom" id="Services" order="7" />
      <window_info anchor="bottom" id="Version Control" order="8" />
      <window_info anchor="bottom" id="Terminal" order="9" />
      <window_info anchor="bottom" id="Event Log" order="10" side_tool="true" />
      <window_info anchor="bottom" id="Build" order="11" />
      <window_info anchor="right" id="Commander" order="0" weight="0.4" />
      <window_info anchor="right" id="Ant Build" order="1" weight="0.25" />
      <window_info anchor="right" content_ui="combo" id="Hierarchy" order="2" weight="0.25" />
      <window_info anchor="right" id="Theme Preview" order="3" />
      <window_info anchor="right" id="Ant" order="4" />
    </layout>
  </component>
  <component name="editorHistoryManager">
    <entry file="file://$PROJECT_DIR$/src/com/company/Main.java">
      <provider selected="true" editor-type-id="text-editor">
        <state relative-caret-position="621">
          <caret line="27" lean-forward="true" selection-start-line="27" selection-end-line="27" />
          <folding>
            <element signature="imports" expanded="true" />
          </folding>
        </state>
      </provider>
    </entry>
  </component>
  <component name="masterDetails">
    <states>
      <state key="ArtifactsStructureConfigurable.UI">
        <settings>
          <artifact-editor />
          <last-edited>LogCreator:jar</last-edited>
          <splitter-proportions>
            <option name="proportions">
              <list>
                <option value="0.2" />
                <option value="0.5" />
              </list>
            </option>
          </splitter-proportions>
        </settings>
      </state>
      <state key="FacetStructureConfigurable.UI">
        <settings>
          <splitter-proportions>
            <option name="proportions">
              <list>
                <option value="0.2" />
              </list>
            </option>
          </splitter-proportions>
        </settings>
      </state>
      <state key="GlobalLibrariesConfigurable.UI">
        <settings>
          <splitter-proportions>
            <option name="proportions">
              <list>
                <option value="0.2" />
              </list>
            </option>
          </splitter-proportions>
        </settings>
      </state>
      <state key="JdkListConfigurable.UI">
        <settings>
          <splitter-proportions>
            <option name="proportions">
              <list>
                <option value="0.2" />
              </list>
            </option>
          </splitter-proportions>
        </settings>
      </state>
      <state key="ModuleStructureConfigurable.UI">
        <settings>
          <splitter-proportions>
            <option name="proportions">
              <list>
                <option value="0.2" />
              </list>
            </option>
          </splitter-proportions>
        </settings>
      </state>
      <state key="ProjectLibrariesConfigurable.UI">
        <settings>
          <splitter-proportions>
            <option name="proportions">
              <list>
                <option value="0.2" />
              </list>
            </option>
          </splitter-proportions>
        </settings>
      </state>
    </states>
  </component>
</project>