<project version="4">
  <component name="FileEditorManager">
    <leaf>
      <file pinned="false" current-in-tab="false">
        <entry file="file://$PROJECT_DIR$/src/main/java/PDFCreator.java">
          <provider selected="true" editor-type-id="text-editor">
            <state relative-caret-position="1051">
              <caret line="101" selection-start-line="101" selection-end-line="101" />
              <folding>
                <element signature="imports" expanded="true" />
                <element signature="e#6606#6607#0" expanded="true" />
                <element signature="e#6667#6668#0" expanded="true" />
              </folding>
            </state>
          </provider>
        </entry>
      </file>
      <file pinned="false" current-in-tab="true">
        <entry file="file://$PROJECT_DIR$/pom.xml">
          <provider selected="true" editor-type-id="text-editor">
            <state relative-caret-position="736">
              <caret line="32" column="10" lean-forward="true" selection-start-line="32" selection-start-column="10" selection-end-line="32" selection-end-column="10" />
            </state>
          </provider>
        </entry>
      </file>
      <file pinned="false" current-in-tab="false">
        <entry file="file://$PROJECT_DIR$/src/main/java/SizeUnit.java">
          <provider selected="true" editor-type-id="text-editor">
            <state relative-caret-position="897">
              <caret line="39" column="59" selection-start-line="39" selection-start-column="59" selection-end-line="39" selection-end-column="59" />
            </state>
          </provider>
        </entry>
      </file>
    </leaf>
  </component>
  <component name="IdeDocumentHistory">
    <option name="CHANGED_PATHS">
      <list>
        <option value="$PROJECT_DIR$/pom.xml" />
        <option value="$PROJECT_DIR$/src/main/java/SizeUnit.java" />
        <option value="$PROJECT_DIR$/src/main/java/PDFMerger.java" />
        <option value="$PROJECT_DIR$/src/main/java/PDFTextReader.java" />
        <option value="$PROJECT_DIR$/src/main/java/PDFCreator.java" />
      </list>
    </option>
  </component>
  <component name="MavenProjectNavigator">
    <treeState>
      <expand />
      <select />
    </treeState>
  </component>
  <component name="ProjectView">
    <navigator proportions="" version="1">
      <foldersAlwaysOnTop value="true" />
    </navigator>
    <panes>
      <pane id="ProjectPane" />
      <pane id="PackagesPane" />
      <pane id="Scope" />
    </panes>
  </component>
  <component name="ToolWindowManager">
    <frame x="-8" y="-8" width="2576" height="1416" extended-state="6" />
    <layout>
      <window_info id="Designer" order="0" />
      <window_info id="UI Designer" order="1" />
      <window_info id="Capture Tool" order="2" />
      <window_info id="Favorites" order="3" side_tool="true" />
      <window_info id="Image Layers" order="4" />
      <window_info active="true" content_ui="combo" id="Project" order="5" visible="true" weight="0.25466827" />
      <window_info id="Structure" order="6" side_tool="true" weight="0.25" />
      <window_info anchor="bottom" id="Build" />
      <window_info anchor="bottom" id="Services" />
      <window_info anchor="bottom" id="Terminal" order="0" />
      <window_info anchor="bottom" id="Event Log" order="1" side_tool="true" />
      <window_info anchor="bottom" id="Version Control" order="2" show_stripe_button="false" />
      <window_info anchor="bottom" id="Message" order="3" />
      <window_info anchor="bottom" id="Find" order="4" />
      <window_info anchor="bottom" id="Run" order="5" weight="0.32925472" />
      <window_info anchor="bottom" id="Debug" order="6" weight="0.4" />
      <window_info anchor="bottom" id="Cvs" order="7" weight="0.25" />
      <window_info anchor="bottom" id="Inspection" order="8" weight="0.4" />
      <window_info anchor="bottom" id="TODO" order="9" />
      <window_info anchor="bottom" id="Messages" order="10" weight="0.32925472" />
      <window_info anchor="right" id="Maven" visible="true" weight="0.32975766" />
      <window_info anchor="right" id="Ant" />
      <window_info anchor="right" id="Capture Analysis" order="0" />
      <window_info anchor="right" id="Theme Preview" order="1" />
      <window_info anchor="right" id="Palette&#9;" order="2" />
      <window_info anchor="right" id="Maven Projects" order="3" />
      <window_info anchor="right" id="Palette" order="4" />
      <window_info anchor="right" id="Commander" order="5" weight="0.4" />
      <window_info anchor="right" id="Ant Build" order="6" weight="0.25" />
      <window_info anchor="right" content_ui="combo" id="Hierarchy" order="7" weight="0.25" />
    </layout>
  </component>
  <component name="editorHistoryManager">
    <entry file="file://$PROJECT_DIR$/src/main/java/PDFTextReader.java">
      <provider selected="true" editor-type-id="text-editor">
        <state relative-caret-position="209">
          <caret line="11" column="57" selection-start-line="11" selection-start-column="57" selection-end-line="11" selection-end-column="57" />
          <folding>
            <element signature="imports" expanded="true" />
          </folding>
        </state>
      </provider>
    </entry>
    <entry file="file://$PROJECT_DIR$/src/main/java/PDFMerger.java">
      <provider selected="true" editor-type-id="text-editor">
        <state relative-caret-position="475">
          <caret line="25" column="10" selection-start-line="25" selection-start-column="10" selection-end-line="25" selection-end-column="10" />
          <folding>
            <element signature="imports" expanded="true" />
          </folding>
        </state>
      </provider>
    </entry>
    <entry file="file://$PROJECT_DIR$/src/main/java/PDFCreator.java">
      <provider selected="true" editor-type-id="text-editor">
        <state relative-caret-position="1051">
          <caret line="101" selection-start-line="101" selection-end-line="101" />
          <folding>
            <element signature="imports" expanded="true" />
            <element signature="e#6606#6607#0" expanded="true" />
            <element signature="e#6667#6668#0" expanded="true" />
          </folding>
        </state>
      </provider>
    </entry>
    <entry file="file://$PROJECT_DIR$/src/main/java/SizeUnit.java">
      <provider selected="true" editor-type-id="text-editor">
        <state relative-caret-position="897">
          <caret line="39" column="59" selection-start-line="39" selection-start-column="59" selection-end-line="39" selection-end-column="59" />
        </state>
      </provider>
    </entry>
    <entry file="file://$PROJECT_DIR$/pom.xml">
      <provider selected="true" editor-type-id="text-editor">
        <state relative-caret-position="736">
          <caret line="32" column="10" lean-forward="true" selection-start-line="32" selection-start-column="10" selection-end-line="32" selection-end-column="10" />
        </state>
      </provider>
    </entry>
  </component>
</project>