<project version="4">
  <component name="FileEditorManager">
    <leaf SIDE_TABS_SIZE_LIMIT_KEY="300">
      <file pinned="false" current-in-tab="true">
        <entry file="file://$PROJECT_DIR$/src/token.java">
          <provider selected="true" editor-type-id="text-editor">
            <state relative-caret-position="253">
              <caret line="11" column="40" selection-start-line="11" selection-start-column="40" selection-end-line="11" selection-end-column="40" />
              <folding>
                <element signature="imports" expanded="true" />
              </folding>
            </state>
          </provider>
        </entry>
      </file>
    </leaf>
  </component>
  <component name="IdeDocumentHistory">
    <option name="CHANGED_PATHS">
      <list>
        <option value="$PROJECT_DIR$/src/pl/kir/Main.java" />
        <option value="$PROJECT_DIR$/src/pl/kir/getToken.java" />
        <option value="$PROJECT_DIR$/src/getToken.java" />
        <option value="$PROJECT_DIR$/src/token.java" />
      </list>
    </option>
  </component>
  <component name="ProjectFrameBounds" extendedState="6">
    <option name="x" value="-8" />
    <option name="y" value="-8" />
    <option name="width" value="1936" />
    <option name="height" value="1056" />
  </component>
  <component name="ProjectView">
    <navigator proportions="" version="1">
      <foldersAlwaysOnTop value="true" />
    </navigator>
    <panes>
      <pane id="PackagesPane" />
      <pane id="ProjectPane">
        <subPane>
          <expand>
            <path>
              <item name="GetResponse" type="b2602c69:ProjectViewProjectNode" />
              <item name="GetResponse" type="462c0819:PsiDirectoryNode" />
            </path>
            <path>
              <item name="GetResponse" type="b2602c69:ProjectViewProjectNode" />
              <item name="GetResponse" type="462c0819:PsiDirectoryNode" />
              <item name="src" type="462c0819:PsiDirectoryNode" />
            </path>
          </expand>
          <select />
        </subPane>
      </pane>
      <pane id="Scope" />
    </panes>
  </component>
  <component name="ToolWindowManager">
    <frame x="-8" y="-8" width="2576" height="1416" extended-state="6" />
    <layout>
      <window_info content_ui="combo" id="Project" order="0" visible="true" weight="0.25744936" />
      <window_info id="Structure" order="1" side_tool="true" weight="0.25" />
      <window_info id="Image Layers" order="2" />
      <window_info id="Designer" order="3" />
      <window_info id="UI Designer" order="4" />
      <window_info id="Capture Tool" order="5" />
      <window_info id="Favorites" order="6" side_tool="true" />
      <window_info anchor="bottom" id="Build" />
      <window_info anchor="bottom" id="Services" />
      <window_info anchor="bottom" id="Message" order="0" />
      <window_info anchor="bottom" id="Find" order="1" />
      <window_info anchor="bottom" id="Run" order="2" />
      <window_info anchor="bottom" id="Debug" order="3" weight="0.4" />
      <window_info anchor="bottom" id="Cvs" order="4" weight="0.25" />
      <window_info anchor="bottom" id="Inspection" order="5" weight="0.4" />
      <window_info anchor="bottom" id="TODO" order="6" />
      <window_info anchor="bottom" id="Terminal" order="7" />
      <window_info anchor="bottom" id="Event Log" order="8" side_tool="true" />
      <window_info anchor="bottom" id="Version Control" order="9" />
      <window_info anchor="bottom" id="Messages" order="10" />
      <window_info anchor="right" id="Ant" />
      <window_info anchor="right" id="Commander" order="0" weight="0.4" />
      <window_info anchor="right" id="Ant Build" order="1" weight="0.25" />
      <window_info anchor="right" content_ui="combo" id="Hierarchy" order="2" weight="0.25" />
      <window_info anchor="right" id="Palette" order="3" />
      <window_info anchor="right" id="Maven" order="4" />
      <window_info anchor="right" id="Theme Preview" order="5" />
      <window_info anchor="right" id="Capture Analysis" order="6" />
      <window_info anchor="right" id="Palette&#9;" order="7" />
    </layout>
  </component>
  <component name="editorHistoryManager">
    <entry file="file://$PROJECT_DIR$/src/token.java">
      <provider selected="true" editor-type-id="text-editor">
        <state relative-caret-position="253">
          <caret line="11" column="40" selection-start-line="11" selection-start-column="40" selection-end-line="11" selection-end-column="40" />
          <folding>
            <element signature="imports" expanded="true" />
          </folding>
        </state>
      </provider>
    </entry>
  </component>
</project>