<project version="4">
  <component name="MavenProjectNavigator">
    <treeState>
      <expand />
      <select />
    </treeState>
  </component>
  <component name="ProjectFrameBounds" extendedState="6">
    <option name="x" value="-8" />
    <option name="y" value="-8" />
    <option name="width" value="1936" />
    <option name="height" value="1056" />
  </component>
  <component name="ProjectView">
    <navigator proportions="" version="1">
      <foldersAlwaysOnTop value="true" />
    </navigator>
    <panes>
      <pane id="Scope" />
      <pane id="ProjectPane" />
      <pane id="PackagesPane" />
    </panes>
  </component>
  <component name="ToolWindowManager">
    <frame x="-8" y="-8" width="2576" height="1416" extended-state="6" />
    <layout>
      <window_info id="Favorites" side_tool="true" />
      <window_info active="true" content_ui="combo" id="Project" order="0" visible="true" weight="0.24990067" />
      <window_info id="Structure" order="1" side_tool="true" weight="0.25" />
      <window_info anchor="bottom" id="Services" />
      <window_info anchor="bottom" id="Version Control" />
      <window_info anchor="bottom" id="Terminal" />
      <window_info anchor="bottom" id="Event Log" side_tool="true" />
      <window_info anchor="bottom" id="Build" visible="true" weight="0.32967892" />
      <window_info anchor="bottom" id="Message" order="0" />
      <window_info anchor="bottom" id="Find" order="1" />
      <window_info anchor="bottom" id="Run" order="2" />
      <window_info anchor="bottom" id="Debug" order="3" weight="0.4" />
      <window_info anchor="bottom" id="Cvs" order="4" weight="0.25" />
      <window_info anchor="bottom" id="Inspection" order="5" weight="0.4" />
      <window_info anchor="bottom" id="TODO" order="6" />
      <window_info anchor="right" id="Theme Preview" />
      <window_info anchor="right" id="Ant" />
      <window_info anchor="right" id="Maven" />
      <window_info anchor="right" id="Commander" order="0" weight="0.4" />
      <window_info anchor="right" id="Ant Build" order="1" weight="0.25" />
      <window_info anchor="right" content_ui="combo" id="Hierarchy" order="2" weight="0.25" />
    </layout>
  </component>
</project>