<project version="4">
  <component name="FileEditorManager">
    <leaf>
      <file pinned="false" current-in-tab="false">
        <entry file="file://$PROJECT_DIR$/pom.xml">
          <provider selected="true" editor-type-id="text-editor">
            <state relative-caret-position="414">
              <caret line="18" column="36" selection-start-line="18" selection-start-column="36" selection-end-line="18" selection-end-column="36" />
            </state>
          </provider>
        </entry>
      </file>
      <file pinned="false" current-in-tab="true">
        <entry file="file://$PROJECT_DIR$/src/main/java/RobotTest.java">
          <provider selected="true" editor-type-id="text-editor">
            <state relative-caret-position="234">
              <caret line="9" column="31" lean-forward="true" selection-start-line="9" selection-start-column="31" selection-end-line="9" selection-end-column="31" />
              <folding>
                <element signature="imports" expanded="true" />
              </folding>
            </state>
          </provider>
        </entry>
      </file>
    </leaf>
  </component>
  <component name="IdeDocumentHistory">
    <option name="CHANGED_PATHS">
      <list>
        <option value="$PROJECT_DIR$/pom.xml" />
        <option value="$PROJECT_DIR$/src/main/java/RobotTest.java" />
      </list>
    </option>
  </component>
  <component name="MavenProjectNavigator">
    <treeState>
      <expand />
      <select />
    </treeState>
  </component>
  <component name="ProjectFrameBounds" extendedState="7">
    <option name="x" value="-8" />
    <option name="y" value="-8" />
    <option name="width" value="1546" />
    <option name="height" value="830" />
  </component>
  <component name="ProjectView">
    <navigator proportions="" version="1">
      <foldersAlwaysOnTop value="true" />
    </navigator>
    <panes>
      <pane id="ProjectPane">
        <subPane>
          <expand>
            <path>
              <item name="RobotTest" type="b2602c69:ProjectViewProjectNode" />
              <item name="RobotTest" type="462c0819:PsiDirectoryNode" />
            </path>
            <path>
              <item name="RobotTest" type="b2602c69:ProjectViewProjectNode" />
              <item name="RobotTest" type="462c0819:PsiDirectoryNode" />
              <item name="src" type="462c0819:PsiDirectoryNode" />
            </path>
            <path>
              <item name="RobotTest" type="b2602c69:ProjectViewProjectNode" />
              <item name="RobotTest" type="462c0819:PsiDirectoryNode" />
              <item name="src" type="462c0819:PsiDirectoryNode" />
              <item name="main" type="462c0819:PsiDirectoryNode" />
            </path>
            <path>
              <item name="RobotTest" type="b2602c69:ProjectViewProjectNode" />
              <item name="RobotTest" type="462c0819:PsiDirectoryNode" />
              <item name="src" type="462c0819:PsiDirectoryNode" />
              <item name="test" type="462c0819:PsiDirectoryNode" />
            </path>
          </expand>
          <select />
        </subPane>
      </pane>
      <pane id="Scope" />
      <pane id="PackagesPane" />
    </panes>
  </component>
  <component name="ToolWindowManager">
    <frame x="-8" y="-8" width="2576" height="1416" extended-state="7" />
    <editor active="true" />
    <layout>
      <window_info content_ui="combo" id="Project" order="0" visible="true" weight="0.15415177" />
      <window_info id="Structure" order="1" side_tool="true" weight="0.25" />
      <window_info id="Favorites" order="2" side_tool="true" />
      <window_info anchor="bottom" id="Message" order="0" />
      <window_info anchor="bottom" id="Find" order="1" />
      <window_info active="true" anchor="bottom" id="Run" order="2" visible="true" weight="0.48316365" />
      <window_info anchor="bottom" id="Debug" order="3" weight="0.4" />
      <window_info anchor="bottom" id="Cvs" order="4" weight="0.25" />
      <window_info anchor="bottom" id="Inspection" order="5" weight="0.4" />
      <window_info anchor="bottom" id="TODO" order="6" />
      <window_info anchor="bottom" id="Services" order="7" />
      <window_info anchor="bottom" id="Version Control" order="8" />
      <window_info anchor="bottom" id="Terminal" order="9" />
      <window_info anchor="bottom" id="Event Log" order="10" side_tool="true" />
      <window_info anchor="bottom" id="Build" order="11" weight="0.32889584" />
      <window_info anchor="bottom" id="Messages" order="12" />
      <window_info anchor="right" id="Flutter Inspector" />
      <window_info anchor="right" id="Flutter Outline" />
      <window_info anchor="right" id="Flutter Performance" />
      <window_info anchor="right" id="Commander" order="0" weight="0.4" />
      <window_info anchor="right" id="Ant Build" order="1" weight="0.25" />
      <window_info anchor="right" content_ui="combo" id="Hierarchy" order="2" weight="0.25" />
      <window_info anchor="right" id="Maven" order="3" />
      <window_info anchor="right" id="Theme Preview" order="4" />
      <window_info anchor="right" id="Ant" order="5" />
    </layout>
  </component>
  <component name="editorHistoryManager">
    <entry file="file://$PROJECT_DIR$/pom.xml">
      <provider selected="true" editor-type-id="text-editor">
        <state relative-caret-position="414">
          <caret line="18" column="36" selection-start-line="18" selection-start-column="36" selection-end-line="18" selection-end-column="36" />
        </state>
      </provider>
    </entry>
    <entry file="jar://C:/Program Files/Java/jdk1.8.0_181/src.zip!/javax/swing/JFrame.java">
      <provider selected="true" editor-type-id="text-editor">
        <state relative-caret-position="1104">
          <caret line="122" column="13" selection-start-line="122" selection-start-column="13" selection-end-line="122" selection-end-column="13" />
        </state>
      </provider>
    </entry>
    <entry file="file://$PROJECT_DIR$/src/main/java/RobotTest.java">
      <provider selected="true" editor-type-id="text-editor">
        <state relative-caret-position="234">
          <caret line="9" column="31" lean-forward="true" selection-start-line="9" selection-start-column="31" selection-end-line="9" selection-end-column="31" />
          <folding>
            <element signature="imports" expanded="true" />
          </folding>
        </state>
      </provider>
    </entry>
  </component>
</project>