<project version="4">
  <component name="FileEditorManager">
    <leaf>
      <file pinned="false" current-in-tab="false">
        <entry file="file://$PROJECT_DIR$/src/main/java/plusnet/stt/e2e/engine/web/WebTests.java">
          <provider selected="true" editor-type-id="text-editor">
            <state relative-caret-position="92">
              <caret line="4" column="68" selection-start-line="4" selection-start-column="68" selection-end-line="4" selection-end-column="68" />
            </state>
          </provider>
        </entry>
      </file>
      <file pinned="false" current-in-tab="false">
        <entry file="file://$PROJECT_DIR$/src/main/java/plusnet/stt/e2e/engine/web/WebEngine.java">
          <provider selected="true" editor-type-id="text-editor">
            <state relative-caret-position="253">
              <caret line="19" column="12" selection-start-line="19" selection-start-column="12" selection-end-line="19" selection-end-column="12" />
              <folding>
                <element signature="imports" expanded="true" />
              </folding>
            </state>
          </provider>
        </entry>
      </file>
      <file pinned="false" current-in-tab="false">
        <entry file="file://$PROJECT_DIR$/src/main/java/plusnet/stt/e2e/engine/web/Engine.java">
          <provider selected="true" editor-type-id="text-editor">
            <state relative-caret-position="19251">
              <caret line="860" column="35" selection-start-line="860" selection-start-column="35" selection-end-line="860" selection-end-column="35" />
              <folding>
                <element signature="imports" expanded="true" />
              </folding>
            </state>
          </provider>
        </entry>
      </file>
      <file pinned="false" current-in-tab="false">
        <entry file="file://$PROJECT_DIR$/src/main/java/plusnet/stt/e2e/engine/Engine.java">
          <provider selected="true" editor-type-id="text-editor">
            <state relative-caret-position="828">
              <caret line="55" column="26" selection-start-line="55" selection-start-column="26" selection-end-line="55" selection-end-column="26" />
              <folding>
                <element signature="imports" expanded="true" />
              </folding>
            </state>
          </provider>
        </entry>
      </file>
      <file pinned="false" current-in-tab="false">
        <entry file="file://$PROJECT_DIR$/src/main/java/plusnet/stt/e2e/engine/configuration/AppConfiguration.java">
          <provider selected="true" editor-type-id="text-editor">
            <state relative-caret-position="2530">
              <caret line="137" column="65" selection-start-line="137" selection-start-column="65" selection-end-line="137" selection-end-column="65" />
              <folding>
                <element signature="imports" expanded="true" />
                <element signature="e#11063#11064#0" expanded="true" />
                <element signature="e#11098#11099#0" expanded="true" />
              </folding>
            </state>
          </provider>
        </entry>
      </file>
      <file pinned="false" current-in-tab="false">
        <entry file="file://$PROJECT_DIR$/src/main/java/plusnet/stt/e2e/launcher/executor/TestOperator.java">
          <provider selected="true" editor-type-id="text-editor">
            <state relative-caret-position="1426">
              <caret line="78" column="32" selection-start-line="78" selection-start-column="32" selection-end-line="78" selection-end-column="32" />
            </state>
          </provider>
        </entry>
      </file>
      <file pinned="false" current-in-tab="true">
        <entry file="file://$PROJECT_DIR$/src/main/resources/application.properties">
          <provider selected="true" editor-type-id="text-editor">
            <state relative-caret-position="161">
              <caret line="7" selection-start-line="7" selection-end-line="7" />
            </state>
          </provider>
        </entry>
      </file>
      <file pinned="false" current-in-tab="false">
        <entry file="file://$PROJECT_DIR$/src/test/java/plusnet/stt/e2e/engine/features/SmokeTestFeatureIT.java">
          <provider selected="true" editor-type-id="text-editor">
            <state relative-caret-position="184">
              <caret line="10" column="42" selection-start-line="10" selection-start-column="42" selection-end-line="10" selection-end-column="42" />
            </state>
          </provider>
        </entry>
      </file>
      <file pinned="false" current-in-tab="false">
        <entry file="file://$PROJECT_DIR$/src/main/java/plusnet/stt/e2e/engine/certificate/Cert.java">
          <provider selected="true" editor-type-id="text-editor">
            <state relative-caret-position="92">
              <caret line="27" column="13" selection-start-line="27" selection-start-column="13" selection-end-line="27" selection-end-column="13" />
            </state>
          </provider>
        </entry>
      </file>
      <file pinned="false" current-in-tab="false">
        <entry file="file://$PROJECT_DIR$/src/main/java/plusnet/stt/e2e/engine/web/selenium/FireFoxEngine.java">
          <provider selected="true" editor-type-id="text-editor" />
        </entry>
      </file>
    </leaf>
  </component>
  <component name="FindInProjectRecents">
    <findStrings>
      <find>ae.pkcv.core.tests.engine</find>
      <find>bosch</find>
      <find>ae.pkcv.core.tests</find>
      <find>pkcv</find>
      <find>PKCV</find>
      <find>ae</find>
      <find>ca.certs</find>
      <find>c</find>
    </findStrings>
    <replaceStrings>
      <replace>plusnet.stt.e2e.engine</replace>
      <replace>plusnet.stt.e2e</replace>
    </replaceStrings>
    <dirStrings>
      <dir>D:\Workspace\STT-E2E\src\main\java\plusnet\stt\e2e\engine\logging</dir>
      <dir>D:\Workspace\STT-E2E\src\main\java\plusnet\stt\e2e</dir>
      <dir>D:\Workspace\STT-E2E\src\main</dir>
      <dir>D:\Workspace\STT-E2E\src\main\java\plusnet\stt\e2e\engine</dir>
      <dir>D:\Workspace\STT-E2E\src\main\java</dir>
      <dir>D:\Workspace\STT-E2E\src</dir>
      <dir>D:\Workspace\STT-E2E</dir>
    </dirStrings>
  </component>
  <component name="IdeDocumentHistory">
    <option name="CHANGED_PATHS">
      <list>
        <option value="$PROJECT_DIR$/src/main/java/plusnet/stt/e2e/engine/toolkit/PropertyPreferencesFactory.java" />
        <option value="$PROJECT_DIR$/src/main/java/plusnet/stt/e2e/engine/utils/EnvironmentTester.java" />
        <option value="$PROJECT_DIR$/src/main/java/plusnet/stt/e2e/engine/certificate/Key.java" />
        <option value="$PROJECT_DIR$/src/main/java/plusnet/stt/e2e/engine/proxy/ProxyTools.java" />
        <option value="$PROJECT_DIR$/src/main/java/plusnet/stt/e2e/engine/steps/ManagementSteps.java" />
        <option value="$PROJECT_DIR$/src/main/java/plusnet/stt/e2e/engine/steps/RequestSteps.java" />
        <option value="$PROJECT_DIR$/src/main/java/plusnet/stt/e2e/engine/steps/ResponseSteps.java" />
        <option value="$PROJECT_DIR$/src/main/java/plusnet/stt/e2e/engine/certificate/KeyRing.java" />
        <option value="$PROJECT_DIR$/src/main/java/plusnet/stt/e2e/engine/formatter/RequestFormatter.java" />
        <option value="$PROJECT_DIR$/src/main/java/plusnet/stt/e2e/engine/formatter/Cucumber.java" />
        <option value="$PROJECT_DIR$/src/main/java/plusnet/stt/e2e/engine/formatter/Stats.java" />
        <option value="$PROJECT_DIR$/src/main/java/plusnet/stt/e2e/engine/rest/exceptions/CallNotFoundException.java" />
        <option value="$PROJECT_DIR$/src/main/resources/logback.xml" />
        <option value="$PROJECT_DIR$/src/main/java/plusnet/stt/e2e/engine/data/Randomables.java" />
        <option value="$PROJECT_DIR$/src/main/java/plusnet/stt/e2e/engine/data/Validators.java" />
        <option value="$PROJECT_DIR$/src/main/java/plusnet/stt/e2e/engine/data/aspects/Company.java" />
        <option value="$PROJECT_DIR$/src/main/java/plusnet/stt/e2e/engine/data/aspects/Person.java" />
        <option value="$PROJECT_DIR$/src/main/java/plusnet/stt/e2e/engine/data/generators/StringGenerator.java" />
        <option value="$PROJECT_DIR$/src/main/java/plusnet/stt/e2e/engine/expressions/ExpressionContext.java" />
        <option value="$PROJECT_DIR$/src/test/java/plusnet/stt/e2e/engine/features/SmokeTestFeatureIT.java" />
        <option value="$PROJECT_DIR$/src/main/java/plusnet/stt/e2e/engine/configuration/HooksConfiguration.java" />
        <option value="$PROJECT_DIR$/src/main/java/plusnet/stt/e2e/engine/toolkit/RegistryStorage.java" />
        <option value="$PROJECT_DIR$/src/main/java/plusnet/stt/e2e/engine/data/io/Resource.java" />
        <option value="$PROJECT_DIR$/src/test/resources/plusnet/stt/e2e/engine/proxy/ProxyTest.feature" />
        <option value="$PROJECT_DIR$/src/main/java/plusnet/stt/e2e/engine/Runner.java" />
        <option value="$PROJECT_DIR$/src/main/java/plusnet/stt/e2e/Runner.java" />
        <option value="$PROJECT_DIR$/src/main/java/launcher/toolkit/Resource.java" />
        <option value="$PROJECT_DIR$/src/main/java/plusnet/stt/e2e/launcher/toolkit/Resource.java" />
        <option value="$PROJECT_DIR$/src/main/java/plusnet/stt/e2e/launcher/executor/RaportingServices.java" />
        <option value="$PROJECT_DIR$/src/main/java/plusnet/stt/e2e/launcher/data/Settings.java" />
        <option value="$PROJECT_DIR$/src/main/java/plusnet/stt/e2e/launcher/TestLauncher.java" />
        <option value="$PROJECT_DIR$/src/main/java/plusnet/stt/e2e/launcher/executor/CluecumberRaportGenerator.java" />
        <option value="$PROJECT_DIR$/pom.xml" />
        <option value="$PROJECT_DIR$/run.bat" />
        <option value="$PROJECT_DIR$/.gitignore" />
        <option value="$PROJECT_DIR$/src/main/java/plusnet/stt/e2e/engine/selenium/SeleniumTests.java" />
        <option value="$PROJECT_DIR$/src/main/java/plusnet/stt/e2e/steps/ACTESteps.java" />
        <option value="$PROJECT_DIR$/src/main/java/plusnet/stt/e2e/engine/selenium/Driver.java" />
        <option value="$PROJECT_DIR$/src/main/java/plusnet/stt/e2e/engine/web/web/WebEngine.java" />
        <option value="$PROJECT_DIR$/src/main/java/plusnet/stt/e2e/engine/mobile/MobileEngine.java" />
        <option value="$PROJECT_DIR$/src/main/java/plusnet/stt/e2e/engine/desktop/winium/WiniumEngine.java" />
        <option value="$PROJECT_DIR$/src/main/java/plusnet/stt/e2e/engine/Engine.java" />
        <option value="$PROJECT_DIR$/src/main/java/plusnet/stt/e2e/steps/ACSESteps.java" />
        <option value="$PROJECT_DIR$/src/main/java/plusnet/stt/e2e/engine/proxy/Proxy.java" />
        <option value="$PROJECT_DIR$/src/main/java/plusnet/stt/e2e/engine/web/Engine.java" />
        <option value="$PROJECT_DIR$/src/main/java/plusnet/stt/e2e/engine/web/selenium/ChromeEngine.java" />
        <option value="$PROJECT_DIR$/src/main/java/plusnet/stt/e2e/engine/web/WebEngineLegacy.java" />
        <option value="$PROJECT_DIR$/src/main/java/plusnet/stt/e2e/engine/web/WebTests.java" />
        <option value="$PROJECT_DIR$/src/main/resources/application.properties" />
        <option value="$PROJECT_DIR$/src/main/java/plusnet/stt/e2e/engine/configuration/AppConfiguration.java" />
        <option value="$PROJECT_DIR$/src/main/java/plusnet/stt/e2e/engine/web/WebEngine.java" />
      </list>
    </option>
  </component>
  <component name="MavenProjectNavigator">
    <treeState>
      <expand>
        <path>
          <item name="" type="16c1761:MavenProjectsStructure$RootNode" />
          <item name="Profiles" type="6783ec58:MavenProjectsStructure$ProfilesNode" />
        </path>
        <path>
          <item name="" type="16c1761:MavenProjectsStructure$RootNode" />
          <item name="End-2-End Tests Engine" type="9519ce18:MavenProjectsStructure$ProjectNode" />
        </path>
        <path>
          <item name="" type="16c1761:MavenProjectsStructure$RootNode" />
          <item name="End-2-End Tests Engine" type="9519ce18:MavenProjectsStructure$ProjectNode" />
          <item name="Lifecycle" type="58874e2:MavenProjectsStructure$LifecycleNode" />
        </path>
      </expand>
      <select />
    </treeState>
  </component>
  <component name="ProjectFrameBounds" extendedState="6">
    <option name="x" value="-8" />
    <option name="y" value="-8" />
    <option name="width" value="1936" />
    <option name="height" value="1056" />
  </component>
  <component name="ProjectView">
    <navigator proportions="" version="1">
      <foldersAlwaysOnTop value="true" />
    </navigator>
    <panes>
      <pane id="Scope" />
      <pane id="ProjectPane">
        <subPane>
          <expand>
            <path>
              <item name="STT-E2E" type="b2602c69:ProjectViewProjectNode" />
              <item name="STT-E2E" type="462c0819:PsiDirectoryNode" />
            </path>
            <path>
              <item name="STT-E2E" type="b2602c69:ProjectViewProjectNode" />
              <item name="STT-E2E" type="462c0819:PsiDirectoryNode" />
              <item name="src" type="462c0819:PsiDirectoryNode" />
            </path>
            <path>
              <item name="STT-E2E" type="b2602c69:ProjectViewProjectNode" />
              <item name="STT-E2E" type="462c0819:PsiDirectoryNode" />
              <item name="src" type="462c0819:PsiDirectoryNode" />
              <item name="main" type="462c0819:PsiDirectoryNode" />
            </path>
            <path>
              <item name="STT-E2E" type="b2602c69:ProjectViewProjectNode" />
              <item name="STT-E2E" type="462c0819:PsiDirectoryNode" />
              <item name="src" type="462c0819:PsiDirectoryNode" />
              <item name="main" type="462c0819:PsiDirectoryNode" />
              <item name="java" type="462c0819:PsiDirectoryNode" />
            </path>
            <path>
              <item name="STT-E2E" type="b2602c69:ProjectViewProjectNode" />
              <item name="STT-E2E" type="462c0819:PsiDirectoryNode" />
              <item name="src" type="462c0819:PsiDirectoryNode" />
              <item name="main" type="462c0819:PsiDirectoryNode" />
              <item name="java" type="462c0819:PsiDirectoryNode" />
              <item name="e2e" type="462c0819:PsiDirectoryNode" />
            </path>
            <path>
              <item name="STT-E2E" type="b2602c69:ProjectViewProjectNode" />
              <item name="STT-E2E" type="462c0819:PsiDirectoryNode" />
              <item name="src" type="462c0819:PsiDirectoryNode" />
              <item name="main" type="462c0819:PsiDirectoryNode" />
              <item name="java" type="462c0819:PsiDirectoryNode" />
              <item name="e2e" type="462c0819:PsiDirectoryNode" />
              <item name="engine" type="462c0819:PsiDirectoryNode" />
            </path>
            <path>
              <item name="STT-E2E" type="b2602c69:ProjectViewProjectNode" />
              <item name="STT-E2E" type="462c0819:PsiDirectoryNode" />
              <item name="src" type="462c0819:PsiDirectoryNode" />
              <item name="main" type="462c0819:PsiDirectoryNode" />
              <item name="java" type="462c0819:PsiDirectoryNode" />
              <item name="e2e" type="462c0819:PsiDirectoryNode" />
              <item name="engine" type="462c0819:PsiDirectoryNode" />
              <item name="certificate" type="462c0819:PsiDirectoryNode" />
            </path>
            <path>
              <item name="STT-E2E" type="b2602c69:ProjectViewProjectNode" />
              <item name="STT-E2E" type="462c0819:PsiDirectoryNode" />
              <item name="src" type="462c0819:PsiDirectoryNode" />
              <item name="main" type="462c0819:PsiDirectoryNode" />
              <item name="java" type="462c0819:PsiDirectoryNode" />
              <item name="e2e" type="462c0819:PsiDirectoryNode" />
              <item name="engine" type="462c0819:PsiDirectoryNode" />
              <item name="desktop" type="462c0819:PsiDirectoryNode" />
            </path>
            <path>
              <item name="STT-E2E" type="b2602c69:ProjectViewProjectNode" />
              <item name="STT-E2E" type="462c0819:PsiDirectoryNode" />
              <item name="src" type="462c0819:PsiDirectoryNode" />
              <item name="main" type="462c0819:PsiDirectoryNode" />
              <item name="java" type="462c0819:PsiDirectoryNode" />
              <item name="e2e" type="462c0819:PsiDirectoryNode" />
              <item name="engine" type="462c0819:PsiDirectoryNode" />
              <item name="desktop" type="462c0819:PsiDirectoryNode" />
              <item name="winium" type="462c0819:PsiDirectoryNode" />
            </path>
            <path>
              <item name="STT-E2E" type="b2602c69:ProjectViewProjectNode" />
              <item name="STT-E2E" type="462c0819:PsiDirectoryNode" />
              <item name="src" type="462c0819:PsiDirectoryNode" />
              <item name="main" type="462c0819:PsiDirectoryNode" />
              <item name="java" type="462c0819:PsiDirectoryNode" />
              <item name="e2e" type="462c0819:PsiDirectoryNode" />
              <item name="engine" type="462c0819:PsiDirectoryNode" />
              <item name="mobile" type="462c0819:PsiDirectoryNode" />
            </path>
            <path>
              <item name="STT-E2E" type="b2602c69:ProjectViewProjectNode" />
              <item name="STT-E2E" type="462c0819:PsiDirectoryNode" />
              <item name="src" type="462c0819:PsiDirectoryNode" />
              <item name="main" type="462c0819:PsiDirectoryNode" />
              <item name="java" type="462c0819:PsiDirectoryNode" />
              <item name="e2e" type="462c0819:PsiDirectoryNode" />
              <item name="engine" type="462c0819:PsiDirectoryNode" />
              <item name="proxy" type="462c0819:PsiDirectoryNode" />
            </path>
            <path>
              <item name="STT-E2E" type="b2602c69:ProjectViewProjectNode" />
              <item name="STT-E2E" type="462c0819:PsiDirectoryNode" />
              <item name="src" type="462c0819:PsiDirectoryNode" />
              <item name="main" type="462c0819:PsiDirectoryNode" />
              <item name="java" type="462c0819:PsiDirectoryNode" />
              <item name="e2e" type="462c0819:PsiDirectoryNode" />
              <item name="engine" type="462c0819:PsiDirectoryNode" />
              <item name="utils" type="462c0819:PsiDirectoryNode" />
            </path>
            <path>
              <item name="STT-E2E" type="b2602c69:ProjectViewProjectNode" />
              <item name="STT-E2E" type="462c0819:PsiDirectoryNode" />
              <item name="src" type="462c0819:PsiDirectoryNode" />
              <item name="main" type="462c0819:PsiDirectoryNode" />
              <item name="java" type="462c0819:PsiDirectoryNode" />
              <item name="e2e" type="462c0819:PsiDirectoryNode" />
              <item name="engine" type="462c0819:PsiDirectoryNode" />
              <item name="web" type="462c0819:PsiDirectoryNode" />
            </path>
            <path>
              <item name="STT-E2E" type="b2602c69:ProjectViewProjectNode" />
              <item name="STT-E2E" type="462c0819:PsiDirectoryNode" />
              <item name="src" type="462c0819:PsiDirectoryNode" />
              <item name="main" type="462c0819:PsiDirectoryNode" />
              <item name="java" type="462c0819:PsiDirectoryNode" />
              <item name="e2e" type="462c0819:PsiDirectoryNode" />
              <item name="engine" type="462c0819:PsiDirectoryNode" />
              <item name="web" type="462c0819:PsiDirectoryNode" />
              <item name="selenium" type="462c0819:PsiDirectoryNode" />
            </path>
            <path>
              <item name="STT-E2E" type="b2602c69:ProjectViewProjectNode" />
              <item name="STT-E2E" type="462c0819:PsiDirectoryNode" />
              <item name="src" type="462c0819:PsiDirectoryNode" />
              <item name="main" type="462c0819:PsiDirectoryNode" />
              <item name="java" type="462c0819:PsiDirectoryNode" />
              <item name="e2e" type="462c0819:PsiDirectoryNode" />
              <item name="launcher" type="462c0819:PsiDirectoryNode" />
            </path>
            <path>
              <item name="STT-E2E" type="b2602c69:ProjectViewProjectNode" />
              <item name="STT-E2E" type="462c0819:PsiDirectoryNode" />
              <item name="src" type="462c0819:PsiDirectoryNode" />
              <item name="main" type="462c0819:PsiDirectoryNode" />
              <item name="java" type="462c0819:PsiDirectoryNode" />
              <item name="e2e" type="462c0819:PsiDirectoryNode" />
              <item name="launcher" type="462c0819:PsiDirectoryNode" />
              <item name="executor" type="462c0819:PsiDirectoryNode" />
            </path>
            <path>
              <item name="STT-E2E" type="b2602c69:ProjectViewProjectNode" />
              <item name="STT-E2E" type="462c0819:PsiDirectoryNode" />
              <item name="src" type="462c0819:PsiDirectoryNode" />
              <item name="main" type="462c0819:PsiDirectoryNode" />
              <item name="java" type="462c0819:PsiDirectoryNode" />
              <item name="e2e" type="462c0819:PsiDirectoryNode" />
              <item name="steps" type="462c0819:PsiDirectoryNode" />
            </path>
            <path>
              <item name="STT-E2E" type="b2602c69:ProjectViewProjectNode" />
              <item name="STT-E2E" type="462c0819:PsiDirectoryNode" />
              <item name="src" type="462c0819:PsiDirectoryNode" />
              <item name="main" type="462c0819:PsiDirectoryNode" />
              <item name="resources" type="462c0819:PsiDirectoryNode" />
            </path>
            <path>
              <item name="STT-E2E" type="b2602c69:ProjectViewProjectNode" />
              <item name="STT-E2E" type="462c0819:PsiDirectoryNode" />
              <item name="src" type="462c0819:PsiDirectoryNode" />
              <item name="test" type="462c0819:PsiDirectoryNode" />
            </path>
            <path>
              <item name="STT-E2E" type="b2602c69:ProjectViewProjectNode" />
              <item name="STT-E2E" type="462c0819:PsiDirectoryNode" />
              <item name="src" type="462c0819:PsiDirectoryNode" />
              <item name="test" type="462c0819:PsiDirectoryNode" />
              <item name="java" type="462c0819:PsiDirectoryNode" />
            </path>
            <path>
              <item name="STT-E2E" type="b2602c69:ProjectViewProjectNode" />
              <item name="STT-E2E" type="462c0819:PsiDirectoryNode" />
              <item name="src" type="462c0819:PsiDirectoryNode" />
              <item name="test" type="462c0819:PsiDirectoryNode" />
              <item name="java" type="462c0819:PsiDirectoryNode" />
              <item name="engine" type="462c0819:PsiDirectoryNode" />
            </path>
            <path>
              <item name="STT-E2E" type="b2602c69:ProjectViewProjectNode" />
              <item name="STT-E2E" type="462c0819:PsiDirectoryNode" />
              <item name="src" type="462c0819:PsiDirectoryNode" />
              <item name="test" type="462c0819:PsiDirectoryNode" />
              <item name="resources" type="462c0819:PsiDirectoryNode" />
            </path>
          </expand>
          <select />
        </subPane>
      </pane>
      <pane id="PackagesPane" />
    </panes>
  </component>
  <component name="TestHistory">
    <history-entry file="Feature - 2020.11.30 at 17h 21m 07s.xml">
      <configuration name="Feature" configurationId="CucumberJavaRunConfigurationType" />
    </history-entry>
    <history-entry file="Feature - 2020.11.30 at 17h 21m 43s.xml">
      <configuration name="Feature" configurationId="CucumberJavaRunConfigurationType" />
    </history-entry>
    <history-entry file="Feature - 2020.11.30 at 17h 27m 43s.xml">
      <configuration name="Feature" configurationId="CucumberJavaRunConfigurationType" />
    </history-entry>
    <history-entry file="Feature - 2020.11.30 at 17h 29m 58s.xml">
      <configuration name="Feature" configurationId="CucumberJavaRunConfigurationType" />
    </history-entry>
    <history-entry file="Feature - 2020.11.30 at 17h 31m 50s.xml">
      <configuration name="Feature" configurationId="CucumberJavaRunConfigurationType" />
    </history-entry>
    <history-entry file="Feature - 2020.11.30 at 17h 32m 28s.xml">
      <configuration name="Feature" configurationId="CucumberJavaRunConfigurationType" />
    </history-entry>
    <history-entry file="Feature - 2020.11.30 at 17h 33m 05s.xml">
      <configuration name="Feature" configurationId="CucumberJavaRunConfigurationType" />
    </history-entry>
    <history-entry file="Feature - 2020.11.30 at 18h 08m 54s.xml">
      <configuration name="Feature" configurationId="CucumberJavaRunConfigurationType" />
    </history-entry>
  </component>
  <component name="ToolWindowManager">
    <frame x="-8" y="-8" width="2576" height="1416" extended-state="6" />
    <layout>
      <window_info active="true" content_ui="combo" id="Project" order="0" visible="true" weight="0.15574096" />
      <window_info id="Structure" order="1" side_tool="true" weight="0.25" />
      <window_info id="Favorites" order="2" side_tool="true" />
      <window_info anchor="bottom" id="Message" order="0" />
      <window_info anchor="bottom" id="Find" order="1" weight="0.32889584" />
      <window_info anchor="bottom" id="Run" order="2" weight="0.37196556" />
      <window_info anchor="bottom" id="Debug" order="3" weight="0.4" />
      <window_info anchor="bottom" id="Cvs" order="4" weight="0.25" />
      <window_info anchor="bottom" id="Inspection" order="5" weight="0.4" />
      <window_info anchor="bottom" id="TODO" order="6" />
      <window_info anchor="bottom" id="Services" order="7" />
      <window_info anchor="bottom" id="Version Control" order="8" />
      <window_info anchor="bottom" id="Terminal" order="9" />
      <window_info anchor="bottom" id="Event Log" order="10" side_tool="true" />
      <window_info anchor="bottom" id="Build" order="11" weight="0.24197337" />
      <window_info anchor="bottom" id="Messages" order="12" weight="0.32889584" />
      <window_info anchor="right" id="Commander" order="0" weight="0.4" />
      <window_info anchor="right" id="Ant Build" order="1" weight="0.25" />
      <window_info anchor="right" content_ui="combo" id="Hierarchy" order="2" weight="0.25" />
      <window_info anchor="right" id="Maven" order="3" visible="true" weight="0.1215733" />
      <window_info anchor="right" id="Theme Preview" order="4" />
      <window_info anchor="right" id="Ant" order="5" />
    </layout>
  </component>
  <component name="editorHistoryManager">
    <entry file="file://$PROJECT_DIR$/src/main/resources/internal.properties">
      <provider selected="true" editor-type-id="text-editor" />
    </entry>
    <entry file="file://$PROJECT_DIR$/src/main/java/plusnet/stt/e2e/launcher/data/ScenarioModel.java">
      <provider selected="true" editor-type-id="text-editor">
        <state relative-caret-position="61">
          <caret line="6" column="13" selection-start-line="6" selection-start-column="13" selection-end-line="6" selection-end-column="13" />
        </state>
      </provider>
    </entry>
    <entry file="file://$PROJECT_DIR$/src/main/java/plusnet/stt/e2e/launcher/toolkit/Resource.java">
      <provider selected="true" editor-type-id="text-editor" />
    </entry>
    <entry file="file://$PROJECT_DIR$/src/main/java/plusnet/stt/e2e/launcher/TestLauncher.java">
      <provider selected="true" editor-type-id="text-editor">
        <state>
          <caret column="8" selection-start-column="8" selection-end-column="32" />
        </state>
      </provider>
    </entry>
    <entry file="file://$PROJECT_DIR$/src/main/java/plusnet/stt/e2e/launcher/toolkit/Progress.java">
      <provider selected="true" editor-type-id="text-editor" />
    </entry>
    <entry file="file://$PROJECT_DIR$/run.bat">
      <provider selected="true" editor-type-id="text-editor">
        <state>
          <caret column="176" selection-start-column="176" selection-end-column="176" />
        </state>
      </provider>
    </entry>
    <entry file="file://$PROJECT_DIR$/logs/plusnet.stt.e2e.engine.log">
      <provider selected="true" editor-type-id="text-editor">
        <state relative-caret-position="322">
          <caret line="14" column="67" lean-forward="true" selection-start-line="14" selection-start-column="67" selection-end-line="14" selection-end-column="67" />
        </state>
      </provider>
    </entry>
    <entry file="file://$PROJECT_DIR$/src/main/java/plusnet/stt/e2e/launcher/toolkit/AnsiConsole.java">
      <provider selected="true" editor-type-id="text-editor" />
    </entry>
    <entry file="file://$PROJECT_DIR$/src/main/java/plusnet/stt/e2e/launcher/executor/RaportingServices.java">
      <provider selected="true" editor-type-id="text-editor">
        <state relative-caret-position="598">
          <caret line="32" column="13" selection-start-line="32" selection-start-column="13" selection-end-line="32" selection-end-column="13" />
        </state>
      </provider>
    </entry>
    <entry file="file://$PROJECT_DIR$/src/main/java/plusnet/stt/e2e/launcher/data/Settings.java">
      <provider selected="true" editor-type-id="text-editor">
        <state relative-caret-position="1219">
          <caret line="53" column="9" selection-start-line="53" selection-start-column="9" selection-end-line="53" selection-end-column="9" />
          <folding>
            <element signature="imports" expanded="true" />
          </folding>
        </state>
      </provider>
    </entry>
    <entry file="file://$PROJECT_DIR$/src/main/java/plusnet/stt/e2e/launcher/executor/CluecumberRaportGenerator.java">
      <provider selected="true" editor-type-id="text-editor">
        <state relative-caret-position="365">
          <caret line="114" column="34" selection-start-line="114" selection-start-column="34" selection-end-line="114" selection-end-column="34" />
        </state>
      </provider>
    </entry>
    <entry file="file://$PROJECT_DIR$/.gitignore">
      <provider selected="true" editor-type-id="text-editor">
        <state relative-caret-position="253">
          <caret line="14" column="12" selection-start-line="14" selection-start-column="12" selection-end-line="14" selection-end-column="12" />
        </state>
      </provider>
    </entry>
    <entry file="file://$PROJECT_DIR$/src/main/java/plusnet/stt/e2e/launcher/toolkit/NotificationFactory.java">
      <provider selected="true" editor-type-id="text-editor" />
    </entry>
    <entry file="file://$PROJECT_DIR$/src/main/java/plusnet/stt/e2e/engine/steps/RequestSteps.java">
      <provider selected="true" editor-type-id="text-editor">
        <state relative-caret-position="92">
          <caret line="12" column="13" selection-start-line="12" selection-start-column="13" selection-end-line="12" selection-end-column="13" />
        </state>
      </provider>
    </entry>
    <entry file="file://$PROJECT_DIR$/src/main/java/plusnet/stt/e2e/engine/steps/ManagementSteps.java">
      <provider selected="true" editor-type-id="text-editor">
        <state relative-caret-position="313">
          <caret line="15" column="13" selection-start-line="15" selection-start-column="13" selection-end-line="15" selection-end-column="13" />
          <folding>
            <element signature="imports" expanded="true" />
          </folding>
        </state>
      </provider>
    </entry>
    <entry file="file://$PROJECT_DIR$/src/main/java/plusnet/stt/e2e/steps/ACTESteps.java">
      <provider selected="true" editor-type-id="text-editor">
        <state relative-caret-position="161">
          <caret line="7" selection-start-line="7" selection-end-line="7" />
          <folding>
            <element signature="imports" expanded="true" />
          </folding>
        </state>
      </provider>
    </entry>
    <entry file="file://$PROJECT_DIR$/src/main/java/plusnet/stt/e2e/engine/rest/Request.java">
      <provider selected="true" editor-type-id="text-editor">
        <state relative-caret-position="667">
          <caret line="53" column="20" selection-start-line="53" selection-start-column="20" selection-end-line="53" selection-end-column="20" />
        </state>
      </provider>
    </entry>
    <entry file="file://$PROJECT_DIR$/pom.xml">
      <provider selected="true" editor-type-id="text-editor">
        <state relative-caret-position="-92">
          <caret line="8" column="28" selection-start-line="8" selection-start-column="28" selection-end-line="8" selection-end-column="28" />
        </state>
      </provider>
    </entry>
    <entry file="file://$PROJECT_DIR$/src/test/resources/specification/ExpressionsTest.feature">
      <provider selected="true" editor-type-id="text-editor">
        <state relative-caret-position="414">
          <caret line="18" column="66" selection-start-line="18" selection-start-column="66" selection-end-line="18" selection-end-column="66" />
        </state>
      </provider>
    </entry>
    <entry file="file://$PROJECT_DIR$/src/main/java/plusnet/stt/e2e/engine/steps/ConfigurationSteps.java">
      <provider selected="true" editor-type-id="text-editor">
        <state relative-caret-position="92">
          <caret line="12" column="49" selection-start-line="12" selection-start-column="49" selection-end-line="12" selection-end-column="49" />
        </state>
      </provider>
    </entry>
    <entry file="file://$PROJECT_DIR$/src/main/java/plusnet/stt/e2e/engine/mobile/appium/AndroidEngine.java">
      <provider selected="true" editor-type-id="text-editor" />
    </entry>
    <entry file="file://$PROJECT_DIR$/src/main/java/plusnet/stt/e2e/engine/mobile/MobileEngine.java">
      <provider selected="true" editor-type-id="text-editor">
        <state relative-caret-position="1587">
          <caret line="75" lean-forward="true" selection-start-line="75" selection-end-line="75" />
          <folding>
            <element signature="imports" expanded="true" />
          </folding>
        </state>
      </provider>
    </entry>
    <entry file="file://$PROJECT_DIR$/src/main/java/plusnet/stt/e2e/engine/desktop/winium/WiniumEngine.java">
      <provider selected="true" editor-type-id="text-editor" />
    </entry>
    <entry file="file://$PROJECT_DIR$/src/main/java/plusnet/stt/e2e/engine/desktop/IDesktopEngine.java">
      <provider selected="true" editor-type-id="text-editor" />
    </entry>
    <entry file="file://$PROJECT_DIR$/src/main/java/plusnet/stt/e2e/engine/desktop/DesktopEngine.java">
      <provider selected="true" editor-type-id="text-editor" />
    </entry>
    <entry file="file://$PROJECT_DIR$/src/main/java/plusnet/stt/e2e/engine/mobile/appium/IOSEngine.java">
      <provider selected="true" editor-type-id="text-editor" />
    </entry>
    <entry file="file://$PROJECT_DIR$/src/main/java/plusnet/stt/e2e/engine/mobile/IMobileEngine.java">
      <provider selected="true" editor-type-id="text-editor" />
    </entry>
    <entry file="file://$PROJECT_DIR$/src/main/java/plusnet/stt/e2e/engine/mobile/appium/MobileWebEngine.java">
      <provider selected="true" editor-type-id="text-editor" />
    </entry>
    <entry file="file://$PROJECT_DIR$/src/main/java/plusnet/stt/e2e/engine/web/SeleniumTests.java" />
    <entry file="file://$PROJECT_DIR$/src/main/java/plusnet/stt/e2e/engine/rest/RestApiTests.java">
      <provider selected="true" editor-type-id="text-editor">
        <state relative-caret-position="138">
          <caret line="10" column="5" selection-start-line="10" selection-start-column="5" selection-end-line="10" selection-end-column="5" />
        </state>
      </provider>
    </entry>
    <entry file="file://$PROJECT_DIR$/src/main/java/plusnet/stt/e2e/engine/web/Driver.java" />
    <entry file="jar://$MAVEN_REPOSITORY$/org/seleniumhq/selenium/selenium-remote-driver/3.141.59/selenium-remote-driver-3.141.59.jar!/org/openqa/selenium/remote/RemoteWebDriver.class">
      <provider selected="true" editor-type-id="text-editor">
        <state relative-caret-position="161">
          <caret line="75" column="13" selection-start-line="75" selection-start-column="13" selection-end-line="75" selection-end-column="13" />
        </state>
      </provider>
    </entry>
    <entry file="file://$PROJECT_DIR$/src/main/java/plusnet/stt/e2e/steps/ACSESteps.java">
      <provider selected="true" editor-type-id="text-editor">
        <state relative-caret-position="92">
          <caret line="4" lean-forward="true" selection-start-line="4" selection-end-line="4" />
          <folding>
            <element signature="imports" expanded="true" />
          </folding>
        </state>
      </provider>
    </entry>
    <entry file="file://$PROJECT_DIR$/src/main/java/plusnet/stt/e2e/engine/proxy/ProxyTools.java">
      <provider selected="true" editor-type-id="text-editor">
        <state relative-caret-position="1725">
          <caret line="85" column="60" selection-start-line="85" selection-start-column="60" selection-end-line="85" selection-end-column="60" />
        </state>
      </provider>
    </entry>
    <entry file="file://$PROJECT_DIR$/src/main/java/plusnet/stt/e2e/engine/certificate/KeyRing.java">
      <provider selected="true" editor-type-id="text-editor">
        <state relative-caret-position="313">
          <caret line="143" column="8" lean-forward="true" selection-start-line="143" selection-start-column="8" selection-end-line="146" selection-end-column="47" />
        </state>
      </provider>
    </entry>
    <entry file="file://$PROJECT_DIR$/src/main/java/plusnet/stt/e2e/engine/web/WebEngineLegacy.java">
      <provider selected="true" editor-type-id="text-editor">
        <state relative-caret-position="368">
          <caret line="16" column="57" lean-forward="true" selection-start-line="16" selection-start-column="57" selection-end-line="16" selection-end-column="57" />
          <folding>
            <element signature="imports" expanded="true" />
          </folding>
        </state>
      </provider>
    </entry>
    <entry file="file://$PROJECT_DIR$/src/main/java/plusnet/stt/e2e/engine/web/selenium/InternetExplorerEngine.java">
      <provider selected="true" editor-type-id="text-editor">
        <state>
          <folding>
            <element signature="imports" expanded="true" />
          </folding>
        </state>
      </provider>
    </entry>
    <entry file="file://$PROJECT_DIR$/src/main/java/plusnet/stt/e2e/engine/web/selenium/ChromeEngine.java">
      <provider selected="true" editor-type-id="text-editor">
        <state relative-caret-position="322">
          <caret line="18" column="49" selection-start-line="18" selection-start-column="49" selection-end-line="18" selection-end-column="49" />
          <folding>
            <element signature="imports" expanded="true" />
          </folding>
        </state>
      </provider>
    </entry>
    <entry file="file://$PROJECT_DIR$/src/main/java/plusnet/stt/e2e/engine/web/selenium/OperaEngine.java">
      <provider selected="true" editor-type-id="text-editor">
        <state relative-caret-position="92">
          <caret line="6" column="13" selection-start-line="6" selection-start-column="13" selection-end-line="6" selection-end-column="13" />
        </state>
      </provider>
    </entry>
    <entry file="file://$PROJECT_DIR$/src/main/java/plusnet/stt/e2e/engine/web/selenium/GhostEngine.java">
      <provider selected="true" editor-type-id="text-editor">
        <state relative-caret-position="92">
          <caret line="6" column="13" selection-start-line="6" selection-start-column="13" selection-end-line="6" selection-end-column="13" />
        </state>
      </provider>
    </entry>
    <entry file="file://$PROJECT_DIR$/src/main/java/plusnet/stt/e2e/engine/proxy/Proxy.java">
      <provider selected="true" editor-type-id="text-editor">
        <state relative-caret-position="-1680">
          <caret line="22" column="13" lean-forward="true" selection-start-line="22" selection-start-column="13" selection-end-line="22" selection-end-column="13" />
        </state>
      </provider>
    </entry>
    <entry file="file://$PROJECT_DIR$/src/main/java/plusnet/stt/e2e/engine/web/WebTests.java">
      <provider selected="true" editor-type-id="text-editor">
        <state relative-caret-position="92">
          <caret line="4" column="68" selection-start-line="4" selection-start-column="68" selection-end-line="4" selection-end-column="68" />
        </state>
      </provider>
    </entry>
    <entry file="file://$PROJECT_DIR$/src/main/java/plusnet/stt/e2e/engine/web/WebEngine.java">
      <provider selected="true" editor-type-id="text-editor">
        <state relative-caret-position="253">
          <caret line="19" column="12" selection-start-line="19" selection-start-column="12" selection-end-line="19" selection-end-column="12" />
          <folding>
            <element signature="imports" expanded="true" />
          </folding>
        </state>
      </provider>
    </entry>
    <entry file="file://$PROJECT_DIR$/src/main/java/plusnet/stt/e2e/engine/web/Engine.java">
      <provider selected="true" editor-type-id="text-editor">
        <state relative-caret-position="19251">
          <caret line="860" column="35" selection-start-line="860" selection-start-column="35" selection-end-line="860" selection-end-column="35" />
          <folding>
            <element signature="imports" expanded="true" />
          </folding>
        </state>
      </provider>
    </entry>
    <entry file="file://$PROJECT_DIR$/src/main/java/plusnet/stt/e2e/engine/Engine.java">
      <provider selected="true" editor-type-id="text-editor">
        <state relative-caret-position="828">
          <caret line="55" column="26" selection-start-line="55" selection-start-column="26" selection-end-line="55" selection-end-column="26" />
          <folding>
            <element signature="imports" expanded="true" />
          </folding>
        </state>
      </provider>
    </entry>
    <entry file="file://$PROJECT_DIR$/src/main/java/plusnet/stt/e2e/engine/configuration/AppConfiguration.java">
      <provider selected="true" editor-type-id="text-editor">
        <state relative-caret-position="2530">
          <caret line="137" column="65" selection-start-line="137" selection-start-column="65" selection-end-line="137" selection-end-column="65" />
          <folding>
            <element signature="imports" expanded="true" />
            <element signature="e#11063#11064#0" expanded="true" />
            <element signature="e#11098#11099#0" expanded="true" />
          </folding>
        </state>
      </provider>
    </entry>
    <entry file="file://$PROJECT_DIR$/src/main/java/plusnet/stt/e2e/launcher/executor/TestOperator.java">
      <provider selected="true" editor-type-id="text-editor">
        <state relative-caret-position="1426">
          <caret line="78" column="32" selection-start-line="78" selection-start-column="32" selection-end-line="78" selection-end-column="32" />
        </state>
      </provider>
    </entry>
    <entry file="file://$PROJECT_DIR$/src/main/resources/application.properties">
      <provider selected="true" editor-type-id="text-editor">
        <state relative-caret-position="161">
          <caret line="7" selection-start-line="7" selection-end-line="7" />
        </state>
      </provider>
    </entry>
    <entry file="file://$PROJECT_DIR$/src/test/java/plusnet/stt/e2e/engine/features/SmokeTestFeatureIT.java">
      <provider selected="true" editor-type-id="text-editor">
        <state relative-caret-position="184">
          <caret line="10" column="42" selection-start-line="10" selection-start-column="42" selection-end-line="10" selection-end-column="42" />
        </state>
      </provider>
    </entry>
    <entry file="file://$PROJECT_DIR$/src/main/java/plusnet/stt/e2e/engine/certificate/Cert.java">
      <provider selected="true" editor-type-id="text-editor">
        <state relative-caret-position="92">
          <caret line="27" column="13" selection-start-line="27" selection-start-column="13" selection-end-line="27" selection-end-column="13" />
        </state>
      </provider>
    </entry>
    <entry file="file://$PROJECT_DIR$/src/main/java/plusnet/stt/e2e/engine/web/selenium/FireFoxEngine.java">
      <provider selected="true" editor-type-id="text-editor" />
    </entry>
  </component>
  <component name="masterDetails">
    <states>
      <state key="ArtifactsStructureConfigurable.UI">
        <settings>
          <artifact-editor />
          <splitter-proportions>
            <option name="proportions">
              <list>
                <option value="0.2" />
              </list>
            </option>
          </splitter-proportions>
        </settings>
      </state>
      <state key="FacetStructureConfigurable.UI">
        <settings>
          <last-edited>No facets are configured</last-edited>
          <splitter-proportions>
            <option name="proportions">
              <list>
                <option value="0.2" />
              </list>
            </option>
          </splitter-proportions>
        </settings>
      </state>
      <state key="GlobalLibrariesConfigurable.UI">
        <settings>
          <splitter-proportions>
            <option name="proportions">
              <list>
                <option value="0.2" />
              </list>
            </option>
          </splitter-proportions>
        </settings>
      </state>
      <state key="JdkListConfigurable.UI">
        <settings>
          <splitter-proportions>
            <option name="proportions">
              <list>
                <option value="0.2" />
              </list>
            </option>
          </splitter-proportions>
        </settings>
      </state>
      <state key="ModuleStructureConfigurable.UI">
        <settings>
          <last-edited>STT-E2E</last-edited>
          <splitter-proportions>
            <option name="proportions">
              <list>
                <option value="0.2" />
                <option value="0.6" />
              </list>
            </option>
          </splitter-proportions>
        </settings>
      </state>
      <state key="ProjectLibrariesConfigurable.UI">
        <settings>
          <last-edited>Maven: commons-io:commons-io:2.6</last-edited>
          <splitter-proportions>
            <option name="proportions">
              <list>
                <option value="0.2" />
              </list>
            </option>
          </splitter-proportions>
        </settings>
      </state>
    </states>
  </component>
</project>