<project version="4">
  <component name="FileEditorManager">
    <leaf>
      <file pinned="false" current-in-tab="true">
        <entry file="file://$PROJECT_DIR$/src/pl/quallab/selenium/Engine.java">
          <provider selected="true" editor-type-id="text-editor">
            <state relative-caret-position="184">
              <caret line="97" column="5" lean-forward="true" selection-start-line="97" selection-start-column="5" selection-end-line="97" selection-end-column="5" />
            </state>
          </provider>
        </entry>
      </file>
      <file pinned="false" current-in-tab="false">
        <entry file="file://$PROJECT_DIR$/src/pl/quallab/selenium/PageObject.java">
          <provider selected="true" editor-type-id="text-editor">
            <state relative-caret-position="276">
              <caret line="18" column="18" selection-start-line="18" selection-start-column="18" selection-end-line="18" selection-end-column="18" />
            </state>
          </provider>
        </entry>
      </file>
    </leaf>
  </component>
  <component name="ProjectFrameBounds" extendedState="6">
    <option name="x" value="-8" />
    <option name="y" value="-8" />
    <option name="width" value="1936" />
    <option name="height" value="1056" />
  </component>
  <component name="ProjectView">
    <navigator proportions="" version="1">
      <foldersAlwaysOnTop value="true" />
    </navigator>
    <panes>
      <pane id="Scope" />
      <pane id="ProjectPane">
        <subPane>
          <expand>
            <path>
              <item name="HorizonTests" type="b2602c69:ProjectViewProjectNode" />
              <item name="Horizon" type="462c0819:PsiDirectoryNode" />
            </path>
            <path>
              <item name="HorizonTests" type="b2602c69:ProjectViewProjectNode" />
              <item name="Horizon" type="462c0819:PsiDirectoryNode" />
              <item name="bin" type="462c0819:PsiDirectoryNode" />
            </path>
            <path>
              <item name="HorizonTests" type="b2602c69:ProjectViewProjectNode" />
              <item name="Horizon" type="462c0819:PsiDirectoryNode" />
              <item name="bin" type="462c0819:PsiDirectoryNode" />
              <item name="pl" type="462c0819:PsiDirectoryNode" />
            </path>
            <path>
              <item name="HorizonTests" type="b2602c69:ProjectViewProjectNode" />
              <item name="Horizon" type="462c0819:PsiDirectoryNode" />
              <item name="bin" type="462c0819:PsiDirectoryNode" />
              <item name="pl" type="462c0819:PsiDirectoryNode" />
              <item name="quallab" type="462c0819:PsiDirectoryNode" />
            </path>
            <path>
              <item name="HorizonTests" type="b2602c69:ProjectViewProjectNode" />
              <item name="Horizon" type="462c0819:PsiDirectoryNode" />
              <item name="src" type="462c0819:PsiDirectoryNode" />
            </path>
            <path>
              <item name="HorizonTests" type="b2602c69:ProjectViewProjectNode" />
              <item name="Horizon" type="462c0819:PsiDirectoryNode" />
              <item name="src" type="462c0819:PsiDirectoryNode" />
              <item name="quallab" type="462c0819:PsiDirectoryNode" />
            </path>
            <path>
              <item name="HorizonTests" type="b2602c69:ProjectViewProjectNode" />
              <item name="Horizon" type="462c0819:PsiDirectoryNode" />
              <item name="src" type="462c0819:PsiDirectoryNode" />
              <item name="quallab" type="462c0819:PsiDirectoryNode" />
              <item name="appium" type="462c0819:PsiDirectoryNode" />
            </path>
            <path>
              <item name="HorizonTests" type="b2602c69:ProjectViewProjectNode" />
              <item name="Horizon" type="462c0819:PsiDirectoryNode" />
              <item name="src" type="462c0819:PsiDirectoryNode" />
              <item name="quallab" type="462c0819:PsiDirectoryNode" />
              <item name="appium" type="462c0819:PsiDirectoryNode" />
              <item name="android" type="462c0819:PsiDirectoryNode" />
            </path>
            <path>
              <item name="HorizonTests" type="b2602c69:ProjectViewProjectNode" />
              <item name="Horizon" type="462c0819:PsiDirectoryNode" />
              <item name="src" type="462c0819:PsiDirectoryNode" />
              <item name="quallab" type="462c0819:PsiDirectoryNode" />
              <item name="appium" type="462c0819:PsiDirectoryNode" />
              <item name="ios" type="462c0819:PsiDirectoryNode" />
            </path>
            <path>
              <item name="HorizonTests" type="b2602c69:ProjectViewProjectNode" />
              <item name="Horizon" type="462c0819:PsiDirectoryNode" />
              <item name="src" type="462c0819:PsiDirectoryNode" />
              <item name="quallab" type="462c0819:PsiDirectoryNode" />
              <item name="appium" type="462c0819:PsiDirectoryNode" />
              <item name="web" type="462c0819:PsiDirectoryNode" />
            </path>
            <path>
              <item name="HorizonTests" type="b2602c69:ProjectViewProjectNode" />
              <item name="Horizon" type="462c0819:PsiDirectoryNode" />
              <item name="src" type="462c0819:PsiDirectoryNode" />
              <item name="quallab" type="462c0819:PsiDirectoryNode" />
              <item name="core" type="462c0819:PsiDirectoryNode" />
            </path>
            <path>
              <item name="HorizonTests" type="b2602c69:ProjectViewProjectNode" />
              <item name="Horizon" type="462c0819:PsiDirectoryNode" />
              <item name="src" type="462c0819:PsiDirectoryNode" />
              <item name="quallab" type="462c0819:PsiDirectoryNode" />
              <item name="selenium" type="462c0819:PsiDirectoryNode" />
            </path>
          </expand>
          <select />
        </subPane>
      </pane>
      <pane id="PackagesPane" />
    </panes>
  </component>
  <component name="ToolWindowManager">
    <frame x="-8" y="-8" width="2576" height="1416" extended-state="6" />
    <layout>
      <window_info id="Favorites" side_tool="true" />
      <window_info active="true" content_ui="combo" id="Project" order="0" visible="true" weight="0.24990067" />
      <window_info id="Structure" order="1" side_tool="true" weight="0.25" />
      <window_info anchor="bottom" id="Services" />
      <window_info anchor="bottom" id="Version Control" />
      <window_info anchor="bottom" id="Terminal" />
      <window_info anchor="bottom" id="Event Log" side_tool="true" />
      <window_info anchor="bottom" id="Build" />
      <window_info anchor="bottom" id="Message" order="0" />
      <window_info anchor="bottom" id="Find" order="1" />
      <window_info anchor="bottom" id="Run" order="2" />
      <window_info anchor="bottom" id="Debug" order="3" weight="0.4" />
      <window_info anchor="bottom" id="Cvs" order="4" weight="0.25" />
      <window_info anchor="bottom" id="Inspection" order="5" weight="0.4" />
      <window_info anchor="bottom" id="TODO" order="6" />
      <window_info anchor="right" id="Theme Preview" />
      <window_info anchor="right" id="Ant" />
      <window_info anchor="right" id="Commander" order="0" weight="0.4" />
      <window_info anchor="right" id="Ant Build" order="1" weight="0.25" />
      <window_info anchor="right" content_ui="combo" id="Hierarchy" order="2" weight="0.25" />
    </layout>
  </component>
  <component name="editorHistoryManager">
    <entry file="file://$PROJECT_DIR$/src/pl/quallab/appium/android/PageObject.java">
      <provider selected="true" editor-type-id="text-editor">
        <state relative-caret-position="92">
          <caret line="6" column="13" selection-start-line="6" selection-start-column="13" selection-end-line="6" selection-end-column="13" />
        </state>
      </provider>
    </entry>
    <entry file="file://$PROJECT_DIR$/src/pl/quallab/appium/web/Engine.java">
      <provider selected="true" editor-type-id="text-editor">
        <state relative-caret-position="-46">
          <caret line="26" column="13" selection-start-line="26" selection-start-column="13" selection-end-line="26" selection-end-column="13" />
        </state>
      </provider>
    </entry>
    <entry file="file://$PROJECT_DIR$/src/pl/quallab/selenium/PageObject.java">
      <provider selected="true" editor-type-id="text-editor">
        <state relative-caret-position="276">
          <caret line="18" column="18" selection-start-line="18" selection-start-column="18" selection-end-line="18" selection-end-column="18" />
        </state>
      </provider>
    </entry>
    <entry file="file://$PROJECT_DIR$/src/pl/quallab/selenium/Engine.java">
      <provider selected="true" editor-type-id="text-editor">
        <state relative-caret-position="184">
          <caret line="97" column="5" lean-forward="true" selection-start-line="97" selection-start-column="5" selection-end-line="97" selection-end-column="5" />
        </state>
      </provider>
    </entry>
  </component>
</project>