<project version="4">
  <component name="FileEditorManager">
    <leaf SIDE_TABS_SIZE_LIMIT_KEY="300">
      <file pinned="false" current-in-tab="false">
        <entry file="file://$PROJECT_DIR$/src/pl/quallab/scripts/horizon/web/pages/WebCategoryPage.java">
          <provider selected="true" editor-type-id="text-editor">
            <state relative-caret-position="460">
              <caret line="23" selection-start-line="23" selection-end-line="23" />
            </state>
          </provider>
        </entry>
      </file>
      <file pinned="false" current-in-tab="false">
        <entry file="file://$PROJECT_DIR$/src/pl/quallab/scripts/horizon/web/pages/WebMyPrimeItemPage.java">
          <provider selected="true" editor-type-id="text-editor">
            <state relative-caret-position="138">
              <caret line="8" column="37" selection-start-line="8" selection-start-column="37" selection-end-line="8" selection-end-column="37" />
            </state>
          </provider>
        </entry>
      </file>
      <file pinned="false" current-in-tab="true">
        <entry file="file://$PROJECT_DIR$/src/pl/quallab/core/selenium/Engine.java">
          <provider selected="true" editor-type-id="text-editor">
            <state relative-caret-position="621">
              <caret line="789" selection-start-line="789" selection-end-line="789" />
              <folding>
                <element signature="imports" expanded="true" />
              </folding>
            </state>
          </provider>
        </entry>
      </file>
      <file pinned="false" current-in-tab="false">
        <entry file="file://$PROJECT_DIR$/src/pl/quallab/core/selenium/EngineException.java">
          <provider selected="true" editor-type-id="text-editor">
            <state relative-caret-position="161">
              <caret line="11" column="5" selection-start-line="11" selection-start-column="5" selection-end-line="11" selection-end-column="5" />
              <folding>
                <element signature="e#233#234#0" expanded="true" />
                <element signature="e#250#251#0" expanded="true" />
              </folding>
            </state>
          </provider>
        </entry>
      </file>
      <file pinned="false" current-in-tab="false">
        <entry file="file://$PROJECT_DIR$/src/pl/quallab/scripts/horizon/web/tests/ShareFacebook.java">
          <provider selected="true" editor-type-id="text-editor">
            <state relative-caret-position="483">
              <caret line="27" column="84" selection-start-line="27" selection-start-column="84" selection-end-line="27" selection-end-column="84" />
            </state>
          </provider>
        </entry>
      </file>
      <file pinned="false" current-in-tab="false">
        <entry file="file://$PROJECT_DIR$/src/pl/quallab/scripts/horizon/web/pages/WebHomePage.java">
          <provider selected="true" editor-type-id="text-editor">
            <state relative-caret-position="644">
              <caret line="33" column="42" selection-start-line="33" selection-start-column="20" selection-end-line="33" selection-end-column="42" />
            </state>
          </provider>
        </entry>
      </file>
    </leaf>
  </component>
  <component name="IdeDocumentHistory">
    <option name="CHANGED_PATHS">
      <list>
        <option value="$PROJECT_DIR$/src/pl/quallab/scripts/horizon/web/pages/WebCategoryPage.java" />
        <option value="$PROJECT_DIR$/src/pl/quallab/core/selenium/PageObject.java" />
        <option value="$PROJECT_DIR$/src/pl/quallab/core/Test.java" />
        <option value="$PROJECT_DIR$/src/pl/quallab/scripts/horizon/web/pages/GoogleMain.java" />
        <option value="$PROJECT_DIR$/src/pl/quallab/scripts/horizon/web/pages/GooglMain.java" />
        <option value="$PROJECT_DIR$/src/pl/quallab/scripts/horizon/web/pages/WebMyPrimeItemPage.java" />
        <option value="$PROJECT_DIR$/src/pl/quallab/core/selenium/EngineException.java" />
        <option value="$PROJECT_DIR$/src/pl/quallab/core/selenium/Engine.java" />
      </list>
    </option>
  </component>
  <component name="ProjectFrameBounds" extendedState="6">
    <option name="x" value="-6" />
    <option name="y" value="-6" />
    <option name="width" value="1242" />
    <option name="height" value="704" />
  </component>
  <component name="ProjectView">
    <navigator proportions="" version="1">
      <foldersAlwaysOnTop value="true" />
    </navigator>
    <panes>
      <pane id="Scope" />
      <pane id="PackagesPane" />
      <pane id="ProjectPane">
        <subPane>
          <expand>
            <path>
              <item name="FireStarterTests" type="b2602c69:ProjectViewProjectNode" />
              <item name="FireStarterTests" type="462c0819:PsiDirectoryNode" />
            </path>
            <path>
              <item name="FireStarterTests" type="b2602c69:ProjectViewProjectNode" />
              <item name="FireStarterTests" type="462c0819:PsiDirectoryNode" />
              <item name="src" type="462c0819:PsiDirectoryNode" />
            </path>
            <path>
              <item name="FireStarterTests" type="b2602c69:ProjectViewProjectNode" />
              <item name="FireStarterTests" type="462c0819:PsiDirectoryNode" />
              <item name="src" type="462c0819:PsiDirectoryNode" />
              <item name="quallab" type="462c0819:PsiDirectoryNode" />
            </path>
            <path>
              <item name="FireStarterTests" type="b2602c69:ProjectViewProjectNode" />
              <item name="FireStarterTests" type="462c0819:PsiDirectoryNode" />
              <item name="src" type="462c0819:PsiDirectoryNode" />
              <item name="quallab" type="462c0819:PsiDirectoryNode" />
              <item name="core" type="462c0819:PsiDirectoryNode" />
            </path>
            <path>
              <item name="FireStarterTests" type="b2602c69:ProjectViewProjectNode" />
              <item name="FireStarterTests" type="462c0819:PsiDirectoryNode" />
              <item name="src" type="462c0819:PsiDirectoryNode" />
              <item name="quallab" type="462c0819:PsiDirectoryNode" />
              <item name="core" type="462c0819:PsiDirectoryNode" />
              <item name="selenium" type="462c0819:PsiDirectoryNode" />
            </path>
          </expand>
          <select />
        </subPane>
      </pane>
    </panes>
  </component>
  <component name="ToolWindowManager">
    <frame x="-8" y="-8" width="2576" height="1416" extended-state="6" />
    <layout>
      <window_info active="true" content_ui="combo" id="Project" order="0" visible="true" weight="0.10369488" />
      <window_info id="Structure" order="1" weight="0.25" />
      <window_info id="Nl-Palette" order="2" />
      <window_info id="Favorites" order="3" side_tool="true" />
      <window_info id="Image Layers" order="4" />
      <window_info id="Designer" order="5" />
      <window_info id="UI Designer" order="6" />
      <window_info id="Capture Tool" order="7" />
      <window_info anchor="bottom" id="Message" order="0" />
      <window_info anchor="bottom" id="Find" order="1" />
      <window_info anchor="bottom" id="Run" order="2" weight="0.25306576" />
      <window_info anchor="bottom" id="Debug" order="3" weight="0.4" />
      <window_info anchor="bottom" id="Cvs" order="4" weight="0.25" />
      <window_info anchor="bottom" id="Inspection" order="5" weight="0.4" />
      <window_info anchor="bottom" id="TODO" order="6" />
      <window_info anchor="bottom" id="Terminal" order="7" weight="0.32998884" />
      <window_info anchor="bottom" id="Event Log" order="8" side_tool="true" />
      <window_info anchor="bottom" id="Version Control" order="9" show_stripe_button="false" />
      <window_info anchor="bottom" id="Messages" order="10" weight="0.32998884" />
      <window_info anchor="bottom" id="Build" order="11" />
      <window_info anchor="bottom" id="Services" order="12" />
      <window_info anchor="right" id="Commander" order="0" weight="0.4" />
      <window_info anchor="right" id="Ant Build" order="1" weight="0.25" />
      <window_info anchor="right" content_ui="combo" id="Hierarchy" order="2" weight="0.25" />
      <window_info anchor="right" id="Palette" order="3" />
      <window_info anchor="right" id="Capture Analysis" order="4" />
      <window_info anchor="right" id="Theme Preview" order="5" />
      <window_info anchor="right" id="Properties" order="6" />
      <window_info anchor="right" id="Palette&#9;" order="7" />
      <window_info anchor="right" id="Maven Projects" order="8" />
      <window_info anchor="right" id="Ant" order="9" />
    </layout>
  </component>
  <component name="editorHistoryManager">
    <entry file="file://$PROJECT_DIR$/src/pl/quallab/core/Logger.java">
      <provider selected="true" editor-type-id="text-editor">
        <state relative-caret-position="-7970">
          <caret line="32" column="40" lean-forward="true" selection-start-line="32" selection-start-column="40" selection-end-line="32" selection-end-column="40" />
        </state>
      </provider>
    </entry>
    <entry file="file://$PROJECT_DIR$/src/pl/quallab/core/IStorage.java">
      <provider selected="true" editor-type-id="text-editor">
        <state relative-caret-position="76">
          <caret line="6" column="10" selection-start-line="6" selection-start-column="10" selection-end-line="6" selection-end-column="10" />
        </state>
      </provider>
    </entry>
    <entry file="file://$PROJECT_DIR$/src/pl/quallab/core/util/Randomizer.java">
      <provider selected="true" editor-type-id="text-editor">
        <state relative-caret-position="285">
          <caret line="22" lean-forward="true" selection-start-line="22" selection-end-line="22" />
        </state>
      </provider>
    </entry>
    <entry file="file://$PROJECT_DIR$/src/pl/quallab/core/Const.java">
      <provider selected="true" editor-type-id="text-editor">
        <state relative-caret-position="76">
          <caret line="4" column="13" selection-start-line="4" selection-start-column="13" selection-end-line="4" selection-end-column="13" />
        </state>
      </provider>
    </entry>
    <entry file="file://$PROJECT_DIR$/src/pl/quallab/core/Storage.java">
      <provider selected="true" editor-type-id="text-editor">
        <state relative-caret-position="-3013">
          <caret line="20" column="13" selection-start-line="20" selection-start-column="13" selection-end-line="20" selection-end-column="13" />
        </state>
      </provider>
    </entry>
    <entry file="file://$PROJECT_DIR$/src/pl/quallab/core/Runner.java">
      <provider selected="true" editor-type-id="text-editor">
        <state relative-caret-position="76">
          <caret line="9" column="13" selection-start-line="9" selection-start-column="13" selection-end-line="9" selection-end-column="13" />
        </state>
      </provider>
    </entry>
    <entry file="file://$PROJECT_DIR$/src/pl/quallab/scripts/horizon/web/pages/WebMyMediaBoxesPage.java">
      <provider selected="true" editor-type-id="text-editor">
        <state relative-caret-position="76">
          <caret line="6" column="13" selection-start-line="6" selection-start-column="13" selection-end-line="6" selection-end-column="13" />
        </state>
      </provider>
    </entry>
    <entry file="file://$PROJECT_DIR$/src/pl/quallab/scripts/horizon/web/pages/WebMyChannelsPage.java">
      <provider selected="true" editor-type-id="text-editor">
        <state relative-caret-position="76">
          <caret line="6" column="13" selection-start-line="6" selection-start-column="13" selection-end-line="6" selection-end-column="13" />
        </state>
      </provider>
    </entry>
    <entry file="file://$PROJECT_DIR$/src/pl/quallab/core/Test.java">
      <provider selected="true" editor-type-id="text-editor">
        <state relative-caret-position="95">
          <caret line="5" column="15" selection-start-line="5" selection-start-column="15" selection-end-line="5" selection-end-column="15" />
        </state>
      </provider>
    </entry>
    <entry file="jar://$PROJECT_DIR$/lib/selenium-java-2.47.1.jar!/org/openqa/selenium/support/ui/WebDriverWait.class">
      <provider selected="true" editor-type-id="text-editor">
        <state relative-caret-position="114">
          <caret line="17" column="13" selection-start-line="17" selection-start-column="13" selection-end-line="17" selection-end-column="13" />
        </state>
      </provider>
    </entry>
    <entry file="file://$PROJECT_DIR$/src/pl/quallab/core/selenium/FailRule.java">
      <provider selected="true" editor-type-id="text-editor">
        <state relative-caret-position="76">
          <caret line="9" column="13" selection-start-line="9" selection-start-column="13" selection-end-line="9" selection-end-column="13" />
        </state>
      </provider>
    </entry>
    <entry file="file://$PROJECT_DIR$/src/pl/quallab/core/IPageObject.java">
      <provider selected="true" editor-type-id="text-editor">
        <state relative-caret-position="92">
          <caret line="6" column="17" selection-start-line="6" selection-start-column="17" selection-end-line="6" selection-end-column="17" />
        </state>
      </provider>
    </entry>
    <entry file="file://$PROJECT_DIR$/src/pl/quallab/core/selenium/PageObject.java">
      <provider selected="true" editor-type-id="text-editor">
        <state relative-caret-position="92">
          <caret line="7" column="41" selection-start-line="7" selection-start-column="41" selection-end-line="7" selection-end-column="41" />
        </state>
      </provider>
    </entry>
    <entry file="file://$PROJECT_DIR$/src/pl/quallab/scripts/horizon/web/pages/WebCategoryPage.java">
      <provider selected="true" editor-type-id="text-editor">
        <state relative-caret-position="460">
          <caret line="23" selection-start-line="23" selection-end-line="23" />
        </state>
      </provider>
    </entry>
    <entry file="file://$PROJECT_DIR$/src/pl/quallab/scripts/horizon/web/pages/WebMyPrimeItemPage.java">
      <provider selected="true" editor-type-id="text-editor">
        <state relative-caret-position="138">
          <caret line="8" column="37" selection-start-line="8" selection-start-column="37" selection-end-line="8" selection-end-column="37" />
        </state>
      </provider>
    </entry>
    <entry file="file://$PROJECT_DIR$/src/pl/quallab/core/selenium/Engine.java">
      <provider selected="true" editor-type-id="text-editor">
        <state relative-caret-position="621">
          <caret line="789" selection-start-line="789" selection-end-line="789" />
          <folding>
            <element signature="imports" expanded="true" />
          </folding>
        </state>
      </provider>
    </entry>
    <entry file="file://$PROJECT_DIR$/src/pl/quallab/core/selenium/EngineException.java">
      <provider selected="true" editor-type-id="text-editor">
        <state relative-caret-position="161">
          <caret line="11" column="5" selection-start-line="11" selection-start-column="5" selection-end-line="11" selection-end-column="5" />
          <folding>
            <element signature="e#233#234#0" expanded="true" />
            <element signature="e#250#251#0" expanded="true" />
          </folding>
        </state>
      </provider>
    </entry>
    <entry file="file://$PROJECT_DIR$/src/pl/quallab/scripts/horizon/web/tests/ShareFacebook.java">
      <provider selected="true" editor-type-id="text-editor">
        <state relative-caret-position="483">
          <caret line="27" column="84" selection-start-line="27" selection-start-column="84" selection-end-line="27" selection-end-column="84" />
        </state>
      </provider>
    </entry>
    <entry file="file://$PROJECT_DIR$/src/pl/quallab/scripts/horizon/web/pages/WebHomePage.java">
      <provider selected="true" editor-type-id="text-editor">
        <state relative-caret-position="644">
          <caret line="33" column="42" selection-start-line="33" selection-start-column="20" selection-end-line="33" selection-end-column="42" />
        </state>
      </provider>
    </entry>
  </component>
</project>