<project version="4">
  <component name="FileEditorManager">
    <leaf SIDE_TABS_SIZE_LIMIT_KEY="300">
      <file pinned="false" current-in-tab="false">
        <entry file="file://$PROJECT_DIR$/backend/pom.xml">
          <provider selected="true" editor-type-id="text-editor">
            <state relative-caret-position="4232">
              <caret line="184" column="10" selection-start-line="184" selection-start-column="10" selection-end-line="184" selection-end-column="10" />
            </state>
          </provider>
        </entry>
      </file>
      <file pinned="false" current-in-tab="false">
        <entry file="file://$PROJECT_DIR$/alm-mock/src/main/java/pl/b2b/testfactory/almmock/api/RestApi.java">
          <provider selected="true" editor-type-id="text-editor">
            <state relative-caret-position="299">
              <caret line="19" column="13" selection-start-line="19" selection-start-column="13" selection-end-line="19" selection-end-column="13" />
            </state>
          </provider>
        </entry>
      </file>
      <file pinned="false" current-in-tab="false">
        <entry file="file://$PROJECT_DIR$/backend/src/main/resources/backend.properties">
          <provider selected="true" editor-type-id="text-editor">
            <state relative-caret-position="92">
              <caret line="4" column="28" selection-start-line="4" selection-start-column="28" selection-end-line="4" selection-end-column="28" />
            </state>
          </provider>
        </entry>
      </file>
      <file pinned="false" current-in-tab="false">
        <entry file="file://$PROJECT_DIR$/pom.xml">
          <provider selected="true" editor-type-id="text-editor">
            <state relative-caret-position="-2292">
              <caret line="29" column="39" selection-start-line="29" selection-start-column="39" selection-end-line="29" selection-end-column="61" />
            </state>
          </provider>
        </entry>
      </file>
      <file pinned="false" current-in-tab="false">
        <entry file="file://$PROJECT_DIR$/frontend/pom.xml">
          <provider selected="true" editor-type-id="text-editor">
            <state relative-caret-position="-7">
              <caret line="530" column="23" selection-start-line="530" selection-start-column="23" selection-end-line="530" selection-end-column="23" />
            </state>
          </provider>
        </entry>
      </file>
      <file pinned="false" current-in-tab="false">
        <entry file="file://$PROJECT_DIR$/testNgSupport/pom.xml">
          <provider selected="true" editor-type-id="text-editor" />
        </entry>
      </file>
      <file pinned="false" current-in-tab="true">
        <entry file="file://$PROJECT_DIR$/testFactory-db/pom.xml">
          <provider selected="true" editor-type-id="text-editor">
            <state relative-caret-position="483">
              <caret line="21" column="49" selection-start-line="21" selection-start-column="49" selection-end-line="21" selection-end-column="49" />
            </state>
          </provider>
        </entry>
      </file>
      <file pinned="false" current-in-tab="false">
        <entry file="file://$PROJECT_DIR$/backend/src/main/java/pl/b2b/testfactory/backend/TestTerminalApplication.java">
          <provider selected="true" editor-type-id="text-editor">
            <state relative-caret-position="253">
              <caret line="21" selection-start-line="21" selection-end-line="21" />
            </state>
          </provider>
        </entry>
      </file>
    </leaf>
  </component>
  <component name="FindInProjectRecents">
    <findStrings>
      <find>validat</find>
      <find>localDev</find>
      <find>&lt;id&gt;mq</find>
      <find>liqui</find>
    </findStrings>
    <dirStrings>
      <dir>D:\WorkspaceTF3\TF3</dir>
    </dirStrings>
  </component>
  <component name="IdeDocumentHistory">
    <option name="CHANGED_PATHS">
      <list>
        <option value="$PROJECT_DIR$/pom.xml" />
        <option value="$PROJECT_DIR$/backend/target/backend.properties" />
        <option value="$PROJECT_DIR$/testFactory-db/pom.xml" />
      </list>
    </option>
  </component>
  <component name="MavenProjectNavigator">
    <treeState>
      <expand>
        <path>
          <item name="" type="16c1761:MavenProjectsStructure$RootNode" />
          <item name="Profiles" type="6783ec58:MavenProjectsStructure$ProfilesNode" />
        </path>
        <path>
          <item name="" type="16c1761:MavenProjectsStructure$RootNode" />
          <item name="main" type="9519ce18:MavenProjectsStructure$ProjectNode" />
        </path>
        <path>
          <item name="" type="16c1761:MavenProjectsStructure$RootNode" />
          <item name="main" type="9519ce18:MavenProjectsStructure$ProjectNode" />
          <item name="Lifecycle" type="58874e2:MavenProjectsStructure$LifecycleNode" />
        </path>
      </expand>
      <select />
    </treeState>
  </component>
  <component name="ProjectFrameBounds" extendedState="6">
    <option name="width" value="2560" />
    <option name="height" value="1400" />
  </component>
  <component name="ProjectView">
    <navigator proportions="" version="1">
      <foldersAlwaysOnTop value="true" />
    </navigator>
    <panes>
      <pane id="PackagesPane" />
      <pane id="ProjectPane">
        <subPane>
          <expand>
            <path>
              <item name="TestFactory3" type="b2602c69:ProjectViewProjectNode" />
              <item name="TestFactory3" type="462c0819:PsiDirectoryNode" />
            </path>
            <path>
              <item name="TestFactory3" type="b2602c69:ProjectViewProjectNode" />
              <item name="TestFactory3" type="462c0819:PsiDirectoryNode" />
              <item name="testFactory-db" type="462c0819:PsiDirectoryNode" />
            </path>
          </expand>
          <select />
        </subPane>
      </pane>
      <pane id="Scope" />
    </panes>
  </component>
  <component name="ToolWindowManager">
    <frame x="-8" y="-8" width="2576" height="1416" extended-state="6" />
    <layout>
      <window_info content_ui="combo" id="Project" order="0" visible="true" weight="0.2868494" />
      <window_info id="Structure" order="1" weight="0.25" />
      <window_info id="Image Layers" order="2" />
      <window_info id="Designer" order="3" />
      <window_info id="UI Designer" order="4" />
      <window_info id="Capture Tool" order="5" />
      <window_info id="Favorites" order="6" side_tool="true" />
      <window_info anchor="bottom" id="Services" />
      <window_info anchor="bottom" id="Build" weight="0.32889584" />
      <window_info anchor="bottom" id="Message" order="0" />
      <window_info anchor="bottom" id="Find" order="1" />
      <window_info anchor="bottom" id="Run" order="2" weight="0.48864526" />
      <window_info anchor="bottom" id="Debug" order="3" weight="0.4" />
      <window_info anchor="bottom" id="Cvs" order="4" weight="0.25" />
      <window_info anchor="bottom" id="Inspection" order="5" weight="0.4" />
      <window_info anchor="bottom" id="TODO" order="6" />
      <window_info anchor="bottom" id="Terminal" order="7" weight="0.3797964" />
      <window_info anchor="bottom" id="Event Log" order="8" side_tool="true" />
      <window_info anchor="bottom" id="Version Control" order="9" />
      <window_info anchor="right" id="Ant" />
      <window_info active="true" anchor="right" id="Maven" visible="true" weight="0.23639253" />
      <window_info anchor="right" id="Commander" order="0" weight="0.4" />
      <window_info anchor="right" id="Ant Build" order="1" weight="0.25" />
      <window_info anchor="right" content_ui="combo" id="Hierarchy" order="2" weight="0.25" />
      <window_info anchor="right" id="Palette" order="3" />
      <window_info anchor="right" id="Capture Analysis" order="4" />
      <window_info anchor="right" id="Theme Preview" order="5" />
      <window_info anchor="right" id="Palette&#9;" order="6" />
      <window_info anchor="right" id="Maven Projects" order="7" visible="true" weight="0.24520256" />
    </layout>
  </component>
  <component name="editorHistoryManager">
    <entry file="file://$PROJECT_DIR$/common/src/main/java/pl/b2b/net/testfactory/configuration/ConfigurationParams.java">
      <provider selected="true" editor-type-id="text-editor">
        <state relative-caret-position="-1789">
          <caret line="7" column="13" selection-start-line="7" selection-start-column="13" selection-end-line="7" selection-end-column="13" />
        </state>
      </provider>
    </entry>
    <entry file="file://$PROJECT_DIR$/common/src/main/java/pl/b2b/net/testfactory/crypto/Encryptor.java">
      <provider selected="true" editor-type-id="text-editor">
        <state relative-caret-position="95">
          <caret line="5" column="13" selection-start-line="5" selection-start-column="13" selection-end-line="5" selection-end-column="13" />
        </state>
      </provider>
    </entry>
    <entry file="file://$PROJECT_DIR$/frontend/src/main/java/pl/b2b/net/testfactory/controller/testStep/TestCompleteSuiteController.java">
      <provider selected="true" editor-type-id="text-editor">
        <state relative-caret-position="57">
          <caret line="16" column="13" selection-start-line="16" selection-start-column="13" selection-end-line="16" selection-end-column="13" />
        </state>
      </provider>
    </entry>
    <entry file="file://$PROJECT_DIR$/frontend/src/main/java/pl/b2b/net/testfactory/model/converter/StringListConverter.java">
      <provider selected="true" editor-type-id="text-editor">
        <state relative-caret-position="203">
          <caret line="15" column="13" selection-start-line="15" selection-start-column="13" selection-end-line="15" selection-end-column="13" />
        </state>
      </provider>
    </entry>
    <entry file="file://$PROJECT_DIR$/frontend/src/main/java/pl/b2b/net/testfactory/repository/ExecutionStatsRepository.java">
      <provider selected="true" editor-type-id="text-editor">
        <state relative-caret-position="209">
          <caret line="12" column="17" selection-start-line="12" selection-start-column="17" selection-end-line="12" selection-end-column="17" />
        </state>
      </provider>
    </entry>
    <entry file="file://$PROJECT_DIR$/frontend/src/main/resources/quartz.properties">
      <provider selected="true" editor-type-id="text-editor" />
    </entry>
    <entry file="file://$PROJECT_DIR$/plk-package/src/main/resources/backend/backend.properties">
      <provider selected="true" editor-type-id="text-editor">
        <state relative-caret-position="-151" />
      </provider>
    </entry>
    <entry file="file://$PROJECT_DIR$/backend/target/backend.properties" />
    <entry file="file://$PROJECT_DIR$/alm-mock/src/main/java/pl/b2b/testfactory/almmock/api/LoginApi.java">
      <provider selected="true" editor-type-id="text-editor">
        <state relative-caret-position="247">
          <caret line="19" column="13" selection-start-line="19" selection-start-column="13" selection-end-line="19" selection-end-column="13" />
        </state>
      </provider>
    </entry>
    <entry file="file://$PROJECT_DIR$/alm-mock/src/main/java/pl/b2b/testfactory/almmock/service/AlmDataStore.java">
      <provider selected="true" editor-type-id="text-editor">
        <state relative-caret-position="-625">
          <caret line="21" column="13" selection-start-line="21" selection-start-column="13" selection-end-line="21" selection-end-column="13" />
        </state>
      </provider>
    </entry>
    <entry file="file://$PROJECT_DIR$/alm-mock/src/main/resources/application.properties">
      <provider selected="true" editor-type-id="text-editor" />
    </entry>
    <entry file="file://$PROJECT_DIR$/amq/src/main/java/pl/b2b/net/testfactory/configuration/MQConfiguration.java">
      <provider selected="true" editor-type-id="text-editor">
        <state relative-caret-position="-701">
          <caret line="20" column="13" selection-start-line="20" selection-start-column="13" selection-end-line="20" selection-end-column="13" />
        </state>
      </provider>
    </entry>
    <entry file="file://$PROJECT_DIR$/amq/src/main/java/pl/b2b/net/testfactory/service/listener/AMQCorrelationIdHandler.java">
      <provider selected="true" editor-type-id="text-editor">
        <state relative-caret-position="95">
          <caret line="5" column="13" selection-start-line="5" selection-start-column="13" selection-end-line="5" selection-end-column="13" />
        </state>
      </provider>
    </entry>
    <entry file="file://$PROJECT_DIR$/backend/target/classes/backend.properties">
      <provider selected="true" editor-type-id="text-editor" />
    </entry>
    <entry file="file://$PROJECT_DIR$/backend/pom.xml">
      <provider selected="true" editor-type-id="text-editor">
        <state relative-caret-position="4232">
          <caret line="184" column="10" selection-start-line="184" selection-start-column="10" selection-end-line="184" selection-end-column="10" />
        </state>
      </provider>
    </entry>
    <entry file="file://$PROJECT_DIR$/alm-mock/src/main/java/pl/b2b/testfactory/almmock/api/RestApi.java">
      <provider selected="true" editor-type-id="text-editor">
        <state relative-caret-position="299">
          <caret line="19" column="13" selection-start-line="19" selection-start-column="13" selection-end-line="19" selection-end-column="13" />
        </state>
      </provider>
    </entry>
    <entry file="file://$PROJECT_DIR$/backend/src/main/resources/backend.properties">
      <provider selected="true" editor-type-id="text-editor">
        <state relative-caret-position="92">
          <caret line="4" column="28" selection-start-line="4" selection-start-column="28" selection-end-line="4" selection-end-column="28" />
        </state>
      </provider>
    </entry>
    <entry file="file://$PROJECT_DIR$/backend/src/main/java/pl/b2b/testfactory/backend/TestTerminalApplication.java">
      <provider selected="true" editor-type-id="text-editor">
        <state relative-caret-position="253">
          <caret line="21" selection-start-line="21" selection-end-line="21" />
        </state>
      </provider>
    </entry>
    <entry file="file://$PROJECT_DIR$/plk-package/src/main/resources/tf-conf/testFactory.properties">
      <provider selected="true" editor-type-id="text-editor">
        <state relative-caret-position="-552" />
      </provider>
    </entry>
    <entry file="file://$PROJECT_DIR$/testNgSupport/pom.xml">
      <provider selected="true" editor-type-id="text-editor" />
    </entry>
    <entry file="file://$PROJECT_DIR$/frontend/pom.xml">
      <provider selected="true" editor-type-id="text-editor">
        <state relative-caret-position="-7">
          <caret line="530" column="23" selection-start-line="530" selection-start-column="23" selection-end-line="530" selection-end-column="23" />
        </state>
      </provider>
    </entry>
    <entry file="file://$PROJECT_DIR$/pom.xml">
      <provider selected="true" editor-type-id="text-editor">
        <state relative-caret-position="-2292">
          <caret line="29" column="39" selection-start-line="29" selection-start-column="39" selection-end-line="29" selection-end-column="61" />
        </state>
      </provider>
    </entry>
    <entry file="file://$PROJECT_DIR$/testFactory-db/pom.xml">
      <provider selected="true" editor-type-id="text-editor">
        <state relative-caret-position="483">
          <caret line="21" column="49" selection-start-line="21" selection-start-column="49" selection-end-line="21" selection-end-column="49" />
        </state>
      </provider>
    </entry>
  </component>
</project>