<project version="4">
  <component name="FileEditorManager">
    <leaf SIDE_TABS_SIZE_LIMIT_KEY="375">
      <file pinned="false" current-in-tab="false">
        <entry file="file://$PROJECT_DIR$/src/main/java/pl/kir/psd2/tpp/conn/crypto/SignatureVerifier.java">
          <provider selected="true" editor-type-id="text-editor">
            <state relative-caret-position="92">
              <caret line="16" column="13" selection-start-line="16" selection-start-column="13" selection-end-line="16" selection-end-column="13" />
            </state>
          </provider>
        </entry>
      </file>
      <file pinned="false" current-in-tab="false">
        <entry file="file://$PROJECT_DIR$/src/main/java/pl/kir/psd2/tpp/conn/StepDefinitions.java">
          <provider selected="true" editor-type-id="text-editor">
            <state relative-caret-position="11408">
              <caret line="536" selection-start-line="536" selection-end-line="536" />
            </state>
          </provider>
        </entry>
      </file>
      <file pinned="false" current-in-tab="true">
        <entry file="file://$PROJECT_DIR$/src/main/java/pl/kir/psd2/tpp/conn/internal/FUDOTokenGenerator.java">
          <provider selected="true" editor-type-id="text-editor">
            <state relative-caret-position="63">
              <caret line="161" column="29" lean-forward="true" selection-start-line="161" selection-start-column="29" selection-end-line="161" selection-end-column="50" />
              <folding>
                <element signature="imports" expanded="true" />
              </folding>
            </state>
          </provider>
        </entry>
      </file>
      <file pinned="false" current-in-tab="false">
        <entry file="file://$PROJECT_DIR$/src/main/java/pl/kir/psd2/tpp/conn/Test.java">
          <provider selected="true" editor-type-id="text-editor">
            <state relative-caret-position="92">
              <caret line="5" column="13" selection-start-line="5" selection-start-column="13" selection-end-line="5" selection-end-column="13" />
            </state>
          </provider>
        </entry>
      </file>
    </leaf>
  </component>
  <component name="MavenProjectNavigator">
    <treeState>
      <expand>
        <path>
          <item name="" type="16c1761:MavenProjectsStructure$RootNode" />
          <item name="PSD2 Connection Test" type="9519ce18:MavenProjectsStructure$ProjectNode" />
        </path>
        <path>
          <item name="" type="16c1761:MavenProjectsStructure$RootNode" />
          <item name="PSD2 Connection Test" type="9519ce18:MavenProjectsStructure$ProjectNode" />
          <item name="Lifecycle" type="58874e2:MavenProjectsStructure$LifecycleNode" />
        </path>
      </expand>
      <select />
    </treeState>
  </component>
  <component name="ProjectFrameBounds" extendedState="6">
    <option name="x" value="-8" />
    <option name="y" value="-8" />
    <option name="width" value="1936" />
    <option name="height" value="1056" />
  </component>
  <component name="ProjectView">
    <navigator proportions="" version="1">
      <foldersAlwaysOnTop value="true" />
    </navigator>
    <panes>
      <pane id="ProjectPane" />
      <pane id="Scope" />
      <pane id="PackagesPane" />
    </panes>
  </component>
  <component name="ToolWindowManager">
    <frame x="-8" y="-8" width="2576" height="1416" extended-state="6" />
    <layout>
      <window_info content_ui="combo" id="Project" order="0" visible="true" weight="0.0742948" />
      <window_info id="Structure" order="1" side_tool="true" weight="0.25" />
      <window_info id="Image Layers" order="2" />
      <window_info id="Designer" order="3" />
      <window_info id="UI Designer" order="4" />
      <window_info id="Capture Tool" order="5" />
      <window_info id="Favorites" order="6" side_tool="true" />
      <window_info anchor="bottom" id="Message" order="0" />
      <window_info anchor="bottom" id="Find" order="1" />
      <window_info anchor="bottom" id="Run" order="2" />
      <window_info anchor="bottom" id="Debug" order="3" weight="0.4" />
      <window_info anchor="bottom" id="Cvs" order="4" weight="0.25" />
      <window_info anchor="bottom" id="Inspection" order="5" weight="0.4" />
      <window_info anchor="bottom" id="TODO" order="6" />
      <window_info anchor="bottom" id="Terminal" order="7" />
      <window_info anchor="bottom" id="Event Log" order="8" side_tool="true" />
      <window_info anchor="bottom" id="Version Control" order="9" />
      <window_info anchor="bottom" id="Services" order="10" />
      <window_info anchor="bottom" id="Build" order="11" />
      <window_info anchor="right" id="Commander" order="0" weight="0.4" />
      <window_info anchor="right" id="Ant Build" order="1" weight="0.25" />
      <window_info anchor="right" content_ui="combo" id="Hierarchy" order="2" weight="0.25" />
      <window_info anchor="right" id="Palette" order="3" />
      <window_info active="true" anchor="right" id="Maven" order="4" visible="true" weight="0.07191101" />
      <window_info anchor="right" id="Theme Preview" order="5" />
      <window_info anchor="right" id="Capture Analysis" order="6" />
      <window_info anchor="right" id="Palette&#9;" order="7" />
      <window_info anchor="right" id="Ant" order="8" />
    </layout>
  </component>
  <component name="editorHistoryManager">
    <entry file="file://$PROJECT_DIR$/src/main/java/pl/kir/psd2/tpp/conn/crypto/SignatureVerifier.java">
      <provider selected="true" editor-type-id="text-editor">
        <state relative-caret-position="92">
          <caret line="16" column="13" selection-start-line="16" selection-start-column="13" selection-end-line="16" selection-end-column="13" />
        </state>
      </provider>
    </entry>
    <entry file="file://$PROJECT_DIR$/src/main/java/pl/kir/psd2/tpp/conn/StepDefinitions.java">
      <provider selected="true" editor-type-id="text-editor">
        <state relative-caret-position="11408">
          <caret line="536" selection-start-line="536" selection-end-line="536" />
        </state>
      </provider>
    </entry>
    <entry file="file://$PROJECT_DIR$/src/main/java/pl/kir/psd2/tpp/conn/internal/FUDOTokenGenerator.java">
      <provider selected="true" editor-type-id="text-editor">
        <state relative-caret-position="63">
          <caret line="161" column="29" lean-forward="true" selection-start-line="161" selection-start-column="29" selection-end-line="161" selection-end-column="50" />
          <folding>
            <element signature="imports" expanded="true" />
          </folding>
        </state>
      </provider>
    </entry>
    <entry file="file://$PROJECT_DIR$/src/main/java/pl/kir/psd2/tpp/conn/Test.java">
      <provider selected="true" editor-type-id="text-editor">
        <state relative-caret-position="92">
          <caret line="5" column="13" selection-start-line="5" selection-start-column="13" selection-end-line="5" selection-end-column="13" />
        </state>
      </provider>
    </entry>
  </component>
</project>