<project version="4">
  <component name="ProjectView">
    <navigator proportions="" version="1">
      <foldersAlwaysOnTop value="true" />
    </navigator>
    <panes>
      <pane id="PackagesPane" />
      <pane id="ProjectPane" />
      <pane id="Scope" />
    </panes>
  </component>
  <component name="ToolWindowManager">
    <frame x="-8" y="-8" width="2576" height="1416" extended-state="6" />
    <layout>
      <window_info content_ui="combo" id="Project" order="0" visible="true" weight="0.14421931" />
      <window_info id="Structure" order="1" side_tool="true" weight="0.25" />
      <window_info id="Image Layers" order="2" />
      <window_info id="Designer" order="3" />
      <window_info id="UI Designer" order="4" />
      <window_info id="Capture Tool" order="5" />
      <window_info id="Favorites" order="6" side_tool="true" />
      <window_info anchor="bottom" id="Message" order="0" />
      <window_info anchor="bottom" id="Find" order="1" />
      <window_info anchor="bottom" id="Run" order="2" />
      <window_info anchor="bottom" id="Debug" order="3" weight="0.4" />
      <window_info anchor="bottom" id="Cvs" order="4" weight="0.25" />
      <window_info anchor="bottom" id="Inspection" order="5" weight="0.4" />
      <window_info anchor="bottom" id="TODO" order="6" />
      <window_info anchor="bottom" id="Terminal" order="7" />
      <window_info active="true" anchor="bottom" id="Event Log" order="8" side_tool="true" visible="true" weight="0.2521535" />
      <window_info anchor="bottom" id="Version Control" order="9" />
      <window_info anchor="bottom" id="Services" order="10" />
      <window_info anchor="bottom" id="Build" order="11" />
      <window_info anchor="right" id="Commander" order="0" weight="0.4" />
      <window_info anchor="right" id="Ant Build" order="1" weight="0.25" />
      <window_info anchor="right" content_ui="combo" id="Hierarchy" order="2" weight="0.25" />
      <window_info anchor="right" id="Palette" order="3" />
      <window_info anchor="right" id="Maven" order="4" />
      <window_info anchor="right" id="Theme Preview" order="5" />
      <window_info anchor="right" id="Capture Analysis" order="6" />
      <window_info anchor="right" id="Palette&#9;" order="7" />
      <window_info anchor="right" id="Ant" order="8" />
    </layout>
  </component>
</project>