<project version="4">
  <component name="FileEditorManager">
    <leaf>
      <file pinned="false" current-in-tab="true">
        <entry file="file://$PROJECT_DIR$/src/main/java/io/liquidtest/web/WebEngine.java">
          <provider selected="true" editor-type-id="text-editor">
            <state relative-caret-position="1099">
              <caret line="90" column="17" selection-start-line="90" selection-start-column="17" selection-end-line="90" selection-end-column="17" />
            </state>
          </provider>
        </entry>
      </file>
      <file pinned="false" current-in-tab="false">
        <entry file="file://$PROJECT_DIR$/src/main/java/io/liquidtest/EngineException.java">
          <provider selected="true" editor-type-id="text-editor">
            <state relative-caret-position="115">
              <caret line="5" selection-start-line="5" selection-end-line="11" selection-end-column="5" />
            </state>
          </provider>
        </entry>
      </file>
      <file pinned="false" current-in-tab="false">
        <entry file="file://$PROJECT_DIR$/src/main/java/io/liquidtest/Engine.java">
          <provider selected="true" editor-type-id="text-editor">
            <state relative-caret-position="92">
              <caret line="17" column="13" selection-start-line="17" selection-start-column="13" selection-end-line="17" selection-end-column="13" />
            </state>
          </provider>
        </entry>
      </file>
      <file pinned="false" current-in-tab="false">
        <entry file="file://$PROJECT_DIR$/src/main/java/io/liquidtest/desktop/DesktopEngine.java">
          <provider selected="true" editor-type-id="text-editor">
            <state relative-caret-position="92">
              <caret line="11" column="13" selection-start-line="11" selection-start-column="13" selection-end-line="11" selection-end-column="13" />
            </state>
          </provider>
        </entry>
      </file>
      <file pinned="false" current-in-tab="false">
        <entry file="file://$PROJECT_DIR$/pom.xml">
          <provider selected="true" editor-type-id="text-editor">
            <state relative-caret-position="667">
              <caret line="29" selection-start-line="29" selection-end-line="29" />
            </state>
          </provider>
        </entry>
      </file>
      <file pinned="false" current-in-tab="false">
        <entry file="file://$PROJECT_DIR$/src/main/java/io/liquidtest/web/selenium/FireFoxEngine.java">
          <provider selected="true" editor-type-id="text-editor">
            <state relative-caret-position="322">
              <caret line="24" column="37" selection-start-line="24" selection-start-column="37" selection-end-line="24" selection-end-column="37" />
            </state>
          </provider>
        </entry>
      </file>
    </leaf>
  </component>
  <component name="MavenProjectNavigator">
    <treeState>
      <expand />
      <select />
    </treeState>
  </component>
  <component name="ProjectFrameBounds" extendedState="6">
    <option name="x" value="-6" />
    <option name="y" value="-6" />
    <option name="width" value="1242" />
    <option name="height" value="704" />
  </component>
  <component name="ProjectView">
    <navigator proportions="" version="1">
      <foldersAlwaysOnTop value="true" />
    </navigator>
    <panes>
      <pane id="PackagesPane" />
      <pane id="Scope" />
      <pane id="ProjectPane">
        <subPane>
          <expand>
            <path>
              <item name="liquidtest" type="b2602c69:ProjectViewProjectNode" />
              <item name="LiquidTest" type="462c0819:PsiDirectoryNode" />
            </path>
            <path>
              <item name="liquidtest" type="b2602c69:ProjectViewProjectNode" />
              <item name="LiquidTest" type="462c0819:PsiDirectoryNode" />
              <item name="src" type="462c0819:PsiDirectoryNode" />
            </path>
            <path>
              <item name="liquidtest" type="b2602c69:ProjectViewProjectNode" />
              <item name="LiquidTest" type="462c0819:PsiDirectoryNode" />
              <item name="src" type="462c0819:PsiDirectoryNode" />
              <item name="main" type="462c0819:PsiDirectoryNode" />
            </path>
            <path>
              <item name="liquidtest" type="b2602c69:ProjectViewProjectNode" />
              <item name="LiquidTest" type="462c0819:PsiDirectoryNode" />
              <item name="src" type="462c0819:PsiDirectoryNode" />
              <item name="main" type="462c0819:PsiDirectoryNode" />
              <item name="java" type="462c0819:PsiDirectoryNode" />
            </path>
            <path>
              <item name="liquidtest" type="b2602c69:ProjectViewProjectNode" />
              <item name="LiquidTest" type="462c0819:PsiDirectoryNode" />
              <item name="src" type="462c0819:PsiDirectoryNode" />
              <item name="main" type="462c0819:PsiDirectoryNode" />
              <item name="java" type="462c0819:PsiDirectoryNode" />
              <item name="liquidtest" type="462c0819:PsiDirectoryNode" />
            </path>
            <path>
              <item name="liquidtest" type="b2602c69:ProjectViewProjectNode" />
              <item name="LiquidTest" type="462c0819:PsiDirectoryNode" />
              <item name="src" type="462c0819:PsiDirectoryNode" />
              <item name="test" type="462c0819:PsiDirectoryNode" />
            </path>
            <path>
              <item name="liquidtest" type="b2602c69:ProjectViewProjectNode" />
              <item name="LiquidTest" type="462c0819:PsiDirectoryNode" />
              <item name="src" type="462c0819:PsiDirectoryNode" />
              <item name="test" type="462c0819:PsiDirectoryNode" />
              <item name="java" type="462c0819:PsiDirectoryNode" />
            </path>
            <path>
              <item name="liquidtest" type="b2602c69:ProjectViewProjectNode" />
              <item name="LiquidTest" type="462c0819:PsiDirectoryNode" />
              <item name="src" type="462c0819:PsiDirectoryNode" />
              <item name="test" type="462c0819:PsiDirectoryNode" />
              <item name="java" type="462c0819:PsiDirectoryNode" />
              <item name="integration" type="462c0819:PsiDirectoryNode" />
            </path>
            <path>
              <item name="liquidtest" type="b2602c69:ProjectViewProjectNode" />
              <item name="LiquidTest" type="462c0819:PsiDirectoryNode" />
              <item name="src" type="462c0819:PsiDirectoryNode" />
              <item name="test" type="462c0819:PsiDirectoryNode" />
              <item name="java" type="462c0819:PsiDirectoryNode" />
              <item name="integration" type="462c0819:PsiDirectoryNode" />
              <item name="cucumber" type="462c0819:PsiDirectoryNode" />
            </path>
          </expand>
          <select />
        </subPane>
      </pane>
    </panes>
  </component>
  <component name="ToolWindowManager">
    <frame x="-8" y="-8" width="2576" height="1416" extended-state="6" />
    <layout>
      <window_info active="true" content_ui="combo" id="Project" order="0" visible="true" weight="0.25387365" />
      <window_info id="Structure" order="1" side_tool="true" weight="0.25" />
      <window_info id="Favorites" order="2" side_tool="true" />
      <window_info anchor="bottom" id="Message" order="0" />
      <window_info anchor="bottom" id="Find" order="1" />
      <window_info anchor="bottom" id="Run" order="2" />
      <window_info anchor="bottom" id="Debug" order="3" weight="0.4" />
      <window_info anchor="bottom" id="Cvs" order="4" weight="0.25" />
      <window_info anchor="bottom" id="Inspection" order="5" weight="0.4" />
      <window_info anchor="bottom" id="TODO" order="6" />
      <window_info anchor="bottom" id="Services" order="7" />
      <window_info anchor="bottom" id="Version Control" order="8" />
      <window_info anchor="bottom" id="Terminal" order="9" />
      <window_info anchor="bottom" id="Event Log" order="10" side_tool="true" />
      <window_info anchor="bottom" id="Build" order="11" />
      <window_info anchor="right" id="Commander" order="0" weight="0.4" />
      <window_info anchor="right" id="Ant Build" order="1" weight="0.25" />
      <window_info anchor="right" content_ui="combo" id="Hierarchy" order="2" weight="0.25" />
      <window_info anchor="right" id="Maven" order="3" />
      <window_info anchor="right" id="Theme Preview" order="4" />
      <window_info anchor="right" id="Ant" order="5" />
    </layout>
  </component>
  <component name="editorHistoryManager">
    <entry file="file://$PROJECT_DIR$/src/test/java/integration/cucumber/CukesTest.java">
      <provider selected="true" editor-type-id="text-editor">
        <state relative-caret-position="115">
          <caret line="5" column="13" selection-start-line="5" selection-start-column="13" selection-end-line="5" selection-end-column="13" />
        </state>
      </provider>
    </entry>
    <entry file="file://$PROJECT_DIR$/src/test/java/integration/cucumber/StepDefinitions.java">
      <provider selected="true" editor-type-id="text-editor">
        <state relative-caret-position="46">
          <caret line="2" column="3" lean-forward="true" selection-start-line="2" selection-start-column="3" selection-end-line="2" selection-end-column="3" />
        </state>
      </provider>
    </entry>
    <entry file="file://$PROJECT_DIR$/src/main/java/io/liquidtest/web/IWebEngine.java">
      <provider selected="true" editor-type-id="text-editor">
        <state relative-caret-position="92">
          <caret line="5" column="17" selection-start-line="5" selection-start-column="17" selection-end-line="5" selection-end-column="17" />
        </state>
      </provider>
    </entry>
    <entry file="file://$PROJECT_DIR$/src/main/java/io/liquidtest/web/selenium/ChromeEngine.java">
      <provider selected="true" editor-type-id="text-editor">
        <state relative-caret-position="460">
          <caret line="27" lean-forward="true" selection-start-line="27" selection-end-line="27" />
        </state>
      </provider>
    </entry>
    <entry file="file://$PROJECT_DIR$/src/main/java/io/liquidtest/mobile/appium/AndroidEngine.java">
      <provider selected="true" editor-type-id="text-editor">
        <state relative-caret-position="92">
          <caret line="8" column="13" selection-start-line="8" selection-start-column="13" selection-end-line="8" selection-end-column="13" />
        </state>
      </provider>
    </entry>
    <entry file="file://$PROJECT_DIR$/src/main/java/io/liquidtest/IEngine.java">
      <provider selected="true" editor-type-id="text-editor">
        <state relative-caret-position="138">
          <caret line="6" selection-start-line="6" selection-end-line="12" selection-end-column="39" />
        </state>
      </provider>
    </entry>
    <entry file="file://$PROJECT_DIR$/src/main/java/io/liquidtest/web/WebEngine.java">
      <provider selected="true" editor-type-id="text-editor">
        <state relative-caret-position="1099">
          <caret line="90" column="17" selection-start-line="90" selection-start-column="17" selection-end-line="90" selection-end-column="17" />
        </state>
      </provider>
    </entry>
    <entry file="file://$PROJECT_DIR$/src/main/java/io/liquidtest/EngineException.java">
      <provider selected="true" editor-type-id="text-editor">
        <state relative-caret-position="115">
          <caret line="5" selection-start-line="5" selection-end-line="11" selection-end-column="5" />
        </state>
      </provider>
    </entry>
    <entry file="file://$PROJECT_DIR$/src/main/java/io/liquidtest/Engine.java">
      <provider selected="true" editor-type-id="text-editor">
        <state relative-caret-position="92">
          <caret line="17" column="13" selection-start-line="17" selection-start-column="13" selection-end-line="17" selection-end-column="13" />
        </state>
      </provider>
    </entry>
    <entry file="file://$PROJECT_DIR$/src/main/java/io/liquidtest/desktop/DesktopEngine.java">
      <provider selected="true" editor-type-id="text-editor">
        <state relative-caret-position="92">
          <caret line="11" column="13" selection-start-line="11" selection-start-column="13" selection-end-line="11" selection-end-column="13" />
        </state>
      </provider>
    </entry>
    <entry file="file://$PROJECT_DIR$/pom.xml">
      <provider selected="true" editor-type-id="text-editor">
        <state relative-caret-position="667">
          <caret line="29" selection-start-line="29" selection-end-line="29" />
        </state>
      </provider>
    </entry>
    <entry file="file://$PROJECT_DIR$/src/main/java/io/liquidtest/web/selenium/FireFoxEngine.java">
      <provider selected="true" editor-type-id="text-editor">
        <state relative-caret-position="322">
          <caret line="24" column="37" selection-start-line="24" selection-start-column="37" selection-end-line="24" selection-end-column="37" />
        </state>
      </provider>
    </entry>
  </component>
</project>