<project version="4">
  <component name="FileEditorManager">
    <leaf>
      <file pinned="false" current-in-tab="false">
        <entry file="file://$PROJECT_DIR$/src/main/java/ae/pkcv/core/tests/engine/proxy/Proxy.java">
          <provider selected="true" editor-type-id="text-editor">
            <state relative-caret-position="69">
              <caret line="11" selection-start-line="11" selection-end-line="11" />
              <folding>
                <element signature="imports" expanded="true" />
              </folding>
            </state>
          </provider>
        </entry>
      </file>
      <file pinned="false" current-in-tab="false">
        <entry file="file://$PROJECT_DIR$/src/main/java/ae/pkcv/core/tests/engine/rest/RestApiTests.java">
          <provider selected="true" editor-type-id="text-editor">
            <state relative-caret-position="69">
              <caret line="3" selection-start-line="3" selection-end-line="3" />
            </state>
          </provider>
        </entry>
      </file>
      <file pinned="false" current-in-tab="false">
        <entry file="file://$PROJECT_DIR$/pom.xml">
          <provider selected="true" editor-type-id="text-editor">
            <state relative-caret-position="4761">
              <caret line="207" column="21" selection-start-line="207" selection-start-column="21" selection-end-line="207" selection-end-column="21" />
            </state>
          </provider>
        </entry>
      </file>
      <file pinned="false" current-in-tab="false">
        <entry file="file://$PROJECT_DIR$/src/main/java/ae/pkcv/core/tests/engine/steps/RequestSteps.java">
          <provider selected="true" editor-type-id="text-editor">
            <state relative-caret-position="92">
              <caret line="12" column="13" selection-start-line="12" selection-start-column="13" selection-end-line="12" selection-end-column="13" />
            </state>
          </provider>
        </entry>
      </file>
      <file pinned="false" current-in-tab="false">
        <entry file="file://$PROJECT_DIR$/src/test/resources/specification-q/common/identity-provider.feature">
          <provider selected="true" editor-type-id="text-editor">
            <state relative-caret-position="299">
              <caret line="13" column="37" selection-start-line="13" selection-start-column="37" selection-end-line="14" selection-end-column="51" />
            </state>
          </provider>
        </entry>
      </file>
      <file pinned="false" current-in-tab="false">
        <entry file="file://$PROJECT_DIR$/src/test/resources/ae/pkcv/core/tests/engine/ExpressionsTest.feature">
          <provider selected="true" editor-type-id="text-editor" />
        </entry>
      </file>
      <file pinned="false" current-in-tab="true">
        <entry file="file://$PROJECT_DIR$/src/test/java/ae/pkcv/core/tests/engine/features/SmokeTestFeatureIT.java">
          <provider selected="true" editor-type-id="text-editor">
            <state relative-caret-position="207">
              <caret line="11" column="34" lean-forward="true" selection-start-line="11" selection-start-column="34" selection-end-line="11" selection-end-column="34" />
            </state>
          </provider>
        </entry>
      </file>
      <file pinned="false" current-in-tab="false">
        <entry file="file://$PROJECT_DIR$/src/main/java/ae/pkcv/core/tests/engine/certificate/KeyRing.java">
          <provider selected="true" editor-type-id="text-editor">
            <state relative-caret-position="92">
              <caret line="19" column="13" selection-end-line="225" />
              <folding>
                <element signature="imports" expanded="true" />
              </folding>
            </state>
          </provider>
        </entry>
      </file>
      <file pinned="false" current-in-tab="false">
        <entry file="file://$PROJECT_DIR$/src/main/java/ae/pkcv/core/tests/engine/utils/EnvironmentTester.java">
          <provider selected="true" editor-type-id="text-editor">
            <state relative-caret-position="92">
              <caret line="14" column="13" selection-start-line="14" selection-start-column="13" selection-end-line="14" selection-end-column="13" />
            </state>
          </provider>
        </entry>
      </file>
      <file pinned="false" current-in-tab="false">
        <entry file="file://$PROJECT_DIR$/src/main/java/ae/pkcv/core/tests/engine/toolkit/Crypter.java">
          <provider selected="true" editor-type-id="text-editor">
            <state relative-caret-position="92">
              <caret line="8" column="6" selection-start-line="8" selection-start-column="6" selection-end-line="8" selection-end-column="6" />
            </state>
          </provider>
        </entry>
      </file>
    </leaf>
  </component>
  <component name="FindInProjectRecents">
    <findStrings>
      <find>cucumberOp</find>
    </findStrings>
    <dirStrings>
      <dir>D:\Legacy Bosch\WorkspacePKCV\aepkcv-apitest</dir>
      <dir>D:\Legacy Bosch\WorkspacePKCV\aepkcv-apitest\src</dir>
    </dirStrings>
  </component>
  <component name="IdeDocumentHistory">
    <option name="CHANGED_PATHS">
      <list>
        <option value="$PROJECT_DIR$/src/main/java/ae/pkcv/core/tests/engine/configuration/HooksConfiguration.java" />
        <option value="$PROJECT_DIR$/pom.xml" />
        <option value="$PROJECT_DIR$/src/test/java/ae/pkcv/core/tests/engine/features/SmokeTestFeatureIT.java" />
      </list>
    </option>
  </component>
  <component name="MavenProjectNavigator">
    <treeState>
      <expand />
      <select />
    </treeState>
  </component>
  <component name="ProjectFrameBounds" extendedState="6">
    <option name="x" value="-8" />
    <option name="y" value="-8" />
    <option name="width" value="1546" />
    <option name="height" value="830" />
  </component>
  <component name="ProjectView">
    <navigator proportions="" version="1">
      <foldersAlwaysOnTop value="true" />
    </navigator>
    <panes>
      <pane id="ProjectPane">
        <subPane>
          <expand>
            <path>
              <item name="aepkcv-api-test" type="b2602c69:ProjectViewProjectNode" />
              <item name="aepkcv-apitest" type="462c0819:PsiDirectoryNode" />
            </path>
            <path>
              <item name="aepkcv-api-test" type="b2602c69:ProjectViewProjectNode" />
              <item name="aepkcv-apitest" type="462c0819:PsiDirectoryNode" />
              <item name="src" type="462c0819:PsiDirectoryNode" />
            </path>
            <path>
              <item name="aepkcv-api-test" type="b2602c69:ProjectViewProjectNode" />
              <item name="aepkcv-apitest" type="462c0819:PsiDirectoryNode" />
              <item name="src" type="462c0819:PsiDirectoryNode" />
              <item name="main" type="462c0819:PsiDirectoryNode" />
            </path>
            <path>
              <item name="aepkcv-api-test" type="b2602c69:ProjectViewProjectNode" />
              <item name="aepkcv-apitest" type="462c0819:PsiDirectoryNode" />
              <item name="src" type="462c0819:PsiDirectoryNode" />
              <item name="main" type="462c0819:PsiDirectoryNode" />
              <item name="java" type="462c0819:PsiDirectoryNode" />
            </path>
            <path>
              <item name="aepkcv-api-test" type="b2602c69:ProjectViewProjectNode" />
              <item name="aepkcv-apitest" type="462c0819:PsiDirectoryNode" />
              <item name="src" type="462c0819:PsiDirectoryNode" />
              <item name="main" type="462c0819:PsiDirectoryNode" />
              <item name="java" type="462c0819:PsiDirectoryNode" />
              <item name="engine" type="462c0819:PsiDirectoryNode" />
            </path>
            <path>
              <item name="aepkcv-api-test" type="b2602c69:ProjectViewProjectNode" />
              <item name="aepkcv-apitest" type="462c0819:PsiDirectoryNode" />
              <item name="src" type="462c0819:PsiDirectoryNode" />
              <item name="main" type="462c0819:PsiDirectoryNode" />
              <item name="resources" type="462c0819:PsiDirectoryNode" />
            </path>
            <path>
              <item name="aepkcv-api-test" type="b2602c69:ProjectViewProjectNode" />
              <item name="aepkcv-apitest" type="462c0819:PsiDirectoryNode" />
              <item name="src" type="462c0819:PsiDirectoryNode" />
              <item name="test" type="462c0819:PsiDirectoryNode" />
            </path>
            <path>
              <item name="aepkcv-api-test" type="b2602c69:ProjectViewProjectNode" />
              <item name="aepkcv-apitest" type="462c0819:PsiDirectoryNode" />
              <item name="src" type="462c0819:PsiDirectoryNode" />
              <item name="test" type="462c0819:PsiDirectoryNode" />
              <item name="resources" type="462c0819:PsiDirectoryNode" />
            </path>
            <path>
              <item name="aepkcv-api-test" type="b2602c69:ProjectViewProjectNode" />
              <item name="aepkcv-apitest" type="462c0819:PsiDirectoryNode" />
              <item name="src" type="462c0819:PsiDirectoryNode" />
              <item name="test" type="462c0819:PsiDirectoryNode" />
              <item name="resources" type="462c0819:PsiDirectoryNode" />
              <item name="engine" type="462c0819:PsiDirectoryNode" />
            </path>
            <path>
              <item name="aepkcv-api-test" type="b2602c69:ProjectViewProjectNode" />
              <item name="aepkcv-apitest" type="462c0819:PsiDirectoryNode" />
              <item name="src" type="462c0819:PsiDirectoryNode" />
              <item name="test" type="462c0819:PsiDirectoryNode" />
              <item name="resources" type="462c0819:PsiDirectoryNode" />
              <item name="specification-q" type="462c0819:PsiDirectoryNode" />
            </path>
            <path>
              <item name="aepkcv-api-test" type="b2602c69:ProjectViewProjectNode" />
              <item name="aepkcv-apitest" type="462c0819:PsiDirectoryNode" />
              <item name="src" type="462c0819:PsiDirectoryNode" />
              <item name="test" type="462c0819:PsiDirectoryNode" />
              <item name="resources" type="462c0819:PsiDirectoryNode" />
              <item name="specification-q" type="462c0819:PsiDirectoryNode" />
              <item name="common" type="462c0819:PsiDirectoryNode" />
            </path>
          </expand>
          <select />
        </subPane>
      </pane>
      <pane id="PackagesPane" />
      <pane id="Scope" />
    </panes>
  </component>
  <component name="ToolWindowManager">
    <frame x="-8" y="-8" width="2576" height="1416" extended-state="6" />
    <editor active="true" />
    <layout>
      <window_info active="true" content_ui="combo" id="Project" order="0" visible="true" weight="0.2638061" />
      <window_info id="Structure" order="1" side_tool="true" weight="0.25" />
      <window_info id="Favorites" order="2" side_tool="true" />
      <window_info anchor="bottom" id="Message" order="0" />
      <window_info anchor="bottom" id="Find" order="1" />
      <window_info anchor="bottom" id="Run" order="2" />
      <window_info anchor="bottom" id="Debug" order="3" weight="0.4" />
      <window_info anchor="bottom" id="Cvs" order="4" weight="0.25" />
      <window_info anchor="bottom" id="Inspection" order="5" weight="0.4" />
      <window_info anchor="bottom" id="TODO" order="6" />
      <window_info anchor="bottom" id="Services" order="7" />
      <window_info anchor="bottom" id="Version Control" order="8" />
      <window_info anchor="bottom" id="Terminal" order="9" />
      <window_info anchor="bottom" id="Event Log" order="10" side_tool="true" />
      <window_info anchor="bottom" id="Build" order="11" />
      <window_info anchor="right" id="Commander" order="0" weight="0.4" />
      <window_info anchor="right" id="Ant Build" order="1" weight="0.25" />
      <window_info anchor="right" content_ui="combo" id="Hierarchy" order="2" weight="0.25" />
      <window_info anchor="right" id="Maven" order="3" visible="true" weight="0.12713549" />
      <window_info anchor="right" id="Theme Preview" order="4" />
      <window_info anchor="right" id="Ant" order="5" />
      <window_info anchor="right" id="Flutter Inspector" order="6" />
      <window_info anchor="right" id="Flutter Outline" order="7" />
      <window_info anchor="right" id="Flutter Performance" order="8" />
    </layout>
  </component>
  <component name="editorHistoryManager">
    <entry file="file://$PROJECT_DIR$/src/main/java/ae/pkcv/core/tests/engine/common/Context.java">
      <provider selected="true" editor-type-id="text-editor">
        <state relative-caret-position="92">
          <caret line="5" column="13" selection-start-line="5" selection-start-column="13" selection-end-line="5" selection-end-column="13" />
        </state>
      </provider>
    </entry>
    <entry file="file://$PROJECT_DIR$/src/main/java/ae/pkcv/core/tests/engine/comparators/ListEvaluation.java">
      <provider selected="true" editor-type-id="text-editor">
        <state relative-caret-position="92">
          <caret line="6" column="13" selection-start-line="6" selection-start-column="13" selection-end-line="6" selection-end-column="13" />
        </state>
      </provider>
    </entry>
    <entry file="file://$PROJECT_DIR$/src/main/java/ae/pkcv/core/tests/engine/json/JsonLane.java">
      <provider selected="true" editor-type-id="text-editor">
        <state relative-caret-position="92">
          <caret line="4" selection-start-line="4" selection-end-line="4" selection-end-column="18" />
        </state>
      </provider>
    </entry>
    <entry file="file://$PROJECT_DIR$/src/test/java/ae/pkcv/core/tests/engine/json/JsonLaneTest.java">
      <provider selected="true" editor-type-id="text-editor">
        <state relative-caret-position="1219">
          <caret line="56" column="16" selection-start-line="56" selection-start-column="16" selection-end-line="56" selection-end-column="16" />
        </state>
      </provider>
    </entry>
    <entry file="file://$PROJECT_DIR$/src/main/java/ae/pkcv/core/tests/engine/proxy/ProxyTools.java">
      <provider selected="true" editor-type-id="text-editor">
        <state relative-caret-position="92">
          <caret line="10" column="13" selection-start-line="10" selection-start-column="13" selection-end-line="10" selection-end-column="13" />
        </state>
      </provider>
    </entry>
    <entry file="file://$PROJECT_DIR$/src/main/java/ae/pkcv/core/tests/engine/utils/Utilities.java">
      <provider selected="true" editor-type-id="text-editor">
        <state relative-caret-position="89">
          <caret line="19" column="13" selection-start-line="19" selection-start-column="13" selection-end-line="19" selection-end-column="13" />
        </state>
      </provider>
    </entry>
    <entry file="file://$PROJECT_DIR$/src/main/java/ae/pkcv/core/tests/engine/Engine.java">
      <provider selected="true" editor-type-id="text-editor">
        <state relative-caret-position="92">
          <caret line="21" column="13" selection-start-line="21" selection-start-column="13" selection-end-line="21" selection-end-column="13" />
        </state>
      </provider>
    </entry>
    <entry file="file://$PROJECT_DIR$/src/main/java/ae/pkcv/core/tests/engine/configuration/TypeConfiguration.java">
      <provider selected="true" editor-type-id="text-editor">
        <state relative-caret-position="92">
          <caret line="25" column="13" selection-start-line="25" selection-start-column="13" selection-end-line="25" selection-end-column="13" />
        </state>
      </provider>
    </entry>
    <entry file="file://$PROJECT_DIR$/src/main/java/ae/pkcv/core/tests/engine/configuration/ApiClientConfiguration.java">
      <provider selected="true" editor-type-id="text-editor">
        <state relative-caret-position="92">
          <caret line="31" column="13" selection-start-line="31" selection-start-column="13" selection-end-line="31" selection-end-column="13" />
        </state>
      </provider>
    </entry>
    <entry file="file://$PROJECT_DIR$/src/main/java/ae/pkcv/core/tests/engine/formatter/Cucumber.java">
      <provider selected="true" editor-type-id="text-editor">
        <state relative-caret-position="-4455">
          <caret line="20" column="13" selection-start-line="20" selection-start-column="13" selection-end-line="20" selection-end-column="13" />
        </state>
      </provider>
    </entry>
    <entry file="file://$PROJECT_DIR$/src/main/java/ae/pkcv/core/tests/engine/formatter/RequestFormatter.java">
      <provider selected="true" editor-type-id="text-editor">
        <state relative-caret-position="3749">
          <caret line="198" selection-start-line="198" selection-end-line="198" />
        </state>
      </provider>
    </entry>
    <entry file="file://$PROJECT_DIR$/src/main/java/ae/pkcv/core/tests/engine/formatter/ResponseFormatter.java">
      <provider selected="true" editor-type-id="text-editor">
        <state relative-caret-position="23">
          <caret line="1" selection-start-line="1" selection-end-line="1" />
        </state>
      </provider>
    </entry>
    <entry file="file://$PROJECT_DIR$/src/main/java/ae/pkcv/core/tests/engine/configuration/AppConfiguration.java">
      <provider selected="true" editor-type-id="text-editor">
        <state relative-caret-position="161">
          <caret line="33" column="39" selection-start-line="33" selection-start-column="39" selection-end-line="33" selection-end-column="39" />
        </state>
      </provider>
    </entry>
    <entry file="file://$PROJECT_DIR$/src/main/java/ae/pkcv/core/tests/engine/configuration/HooksConfiguration.java">
      <provider selected="true" editor-type-id="text-editor">
        <state relative-caret-position="345">
          <caret line="23" selection-start-line="23" selection-end-line="23" />
        </state>
      </provider>
    </entry>
    <entry file="file://$PROJECT_DIR$/src/main/java/ae/pkcv/core/tests/engine/steps/ResponseSteps.java">
      <provider selected="true" editor-type-id="text-editor">
        <state relative-caret-position="92">
          <caret line="13" column="13" selection-start-line="13" selection-start-column="13" selection-end-line="13" selection-end-column="13" />
        </state>
      </provider>
    </entry>
    <entry file="file://$PROJECT_DIR$/src/main/java/ae/pkcv/core/tests/engine/proxy/Proxy.java">
      <provider selected="true" editor-type-id="text-editor">
        <state relative-caret-position="69">
          <caret line="11" selection-start-line="11" selection-end-line="11" />
          <folding>
            <element signature="imports" expanded="true" />
          </folding>
        </state>
      </provider>
    </entry>
    <entry file="file://$PROJECT_DIR$/src/main/java/ae/pkcv/core/tests/engine/rest/RestApiTests.java">
      <provider selected="true" editor-type-id="text-editor">
        <state relative-caret-position="69">
          <caret line="3" selection-start-line="3" selection-end-line="3" />
        </state>
      </provider>
    </entry>
    <entry file="file://$PROJECT_DIR$/pom.xml">
      <provider selected="true" editor-type-id="text-editor">
        <state relative-caret-position="4761">
          <caret line="207" column="21" selection-start-line="207" selection-start-column="21" selection-end-line="207" selection-end-column="21" />
        </state>
      </provider>
    </entry>
    <entry file="file://$PROJECT_DIR$/src/main/java/ae/pkcv/core/tests/engine/steps/RequestSteps.java">
      <provider selected="true" editor-type-id="text-editor">
        <state relative-caret-position="92">
          <caret line="12" column="13" selection-start-line="12" selection-start-column="13" selection-end-line="12" selection-end-column="13" />
        </state>
      </provider>
    </entry>
    <entry file="file://$PROJECT_DIR$/src/test/resources/specification-q/common/identity-provider.feature">
      <provider selected="true" editor-type-id="text-editor">
        <state relative-caret-position="299">
          <caret line="13" column="37" selection-start-line="13" selection-start-column="37" selection-end-line="14" selection-end-column="51" />
        </state>
      </provider>
    </entry>
    <entry file="file://$PROJECT_DIR$/src/test/resources/ae/pkcv/core/tests/engine/ExpressionsTest.feature">
      <provider selected="true" editor-type-id="text-editor" />
    </entry>
    <entry file="file://$PROJECT_DIR$/src/test/java/ae/pkcv/core/tests/engine/features/SmokeTestFeatureIT.java">
      <provider selected="true" editor-type-id="text-editor">
        <state relative-caret-position="207">
          <caret line="11" column="34" lean-forward="true" selection-start-line="11" selection-start-column="34" selection-end-line="11" selection-end-column="34" />
        </state>
      </provider>
    </entry>
    <entry file="file://$PROJECT_DIR$/src/main/java/ae/pkcv/core/tests/engine/certificate/KeyRing.java">
      <provider selected="true" editor-type-id="text-editor">
        <state relative-caret-position="92">
          <caret line="19" column="13" selection-end-line="225" />
          <folding>
            <element signature="imports" expanded="true" />
          </folding>
        </state>
      </provider>
    </entry>
    <entry file="file://$PROJECT_DIR$/src/main/java/ae/pkcv/core/tests/engine/utils/EnvironmentTester.java">
      <provider selected="true" editor-type-id="text-editor">
        <state relative-caret-position="92">
          <caret line="14" column="13" selection-start-line="14" selection-start-column="13" selection-end-line="14" selection-end-column="13" />
        </state>
      </provider>
    </entry>
    <entry file="file://$PROJECT_DIR$/src/main/java/ae/pkcv/core/tests/engine/toolkit/Crypter.java">
      <provider selected="true" editor-type-id="text-editor">
        <state relative-caret-position="92">
          <caret line="8" column="6" selection-start-line="8" selection-start-column="6" selection-end-line="8" selection-end-column="6" />
        </state>
      </provider>
    </entry>
  </component>
  <component name="masterDetails">
    <states>
      <state key="ArtifactsStructureConfigurable.UI">
        <settings>
          <artifact-editor />
          <splitter-proportions>
            <option name="proportions">
              <list>
                <option value="0.2" />
              </list>
            </option>
          </splitter-proportions>
        </settings>
      </state>
      <state key="FacetStructureConfigurable.UI">
        <settings>
          <splitter-proportions>
            <option name="proportions">
              <list>
                <option value="0.2" />
              </list>
            </option>
          </splitter-proportions>
        </settings>
      </state>
      <state key="GlobalLibrariesConfigurable.UI">
        <settings>
          <splitter-proportions>
            <option name="proportions">
              <list>
                <option value="0.2" />
              </list>
            </option>
          </splitter-proportions>
        </settings>
      </state>
      <state key="JdkListConfigurable.UI">
        <settings>
          <splitter-proportions>
            <option name="proportions">
              <list>
                <option value="0.2" />
              </list>
            </option>
          </splitter-proportions>
        </settings>
      </state>
      <state key="ModuleStructureConfigurable.UI">
        <settings>
          <splitter-proportions>
            <option name="proportions">
              <list>
                <option value="0.2" />
              </list>
            </option>
          </splitter-proportions>
        </settings>
      </state>
      <state key="ProjectLibrariesConfigurable.UI">
        <settings>
          <splitter-proportions>
            <option name="proportions">
              <list>
                <option value="0.2" />
              </list>
            </option>
          </splitter-proportions>
        </settings>
      </state>
    </states>
  </component>
</project>