<project version="4">
  <component name="FileEditorManager">
    <leaf>
      <file pinned="false" current-in-tab="false">
        <entry file="file://$PROJECT_DIR$/tpp-mock/src/test/java/pl/kir/psd2/mock/tpp/common/request/RequestConfigurationFactory.java">
          <provider selected="true" editor-type-id="text-editor">
            <state relative-caret-position="115">
              <caret line="15" column="13" selection-start-line="15" selection-start-column="13" selection-end-line="15" selection-end-column="13" />
            </state>
          </provider>
        </entry>
      </file>
      <file pinned="false" current-in-tab="false">
        <entry file="file://$PROJECT_DIR$/tpp-mock/pom.xml">
          <provider selected="true" editor-type-id="text-editor">
            <state relative-caret-position="7728">
              <caret line="336" column="46" selection-start-line="336" selection-start-column="46" selection-end-line="336" selection-end-column="46" />
            </state>
          </provider>
        </entry>
      </file>
      <file pinned="false" current-in-tab="false">
        <entry file="file://$PROJECT_DIR$/launcher/pom.xml">
          <provider selected="true" editor-type-id="text-editor" />
        </entry>
      </file>
      <file pinned="false" current-in-tab="false">
        <entry file="file://$PROJECT_DIR$/pom.xml">
          <provider selected="true" editor-type-id="text-editor">
            <state relative-caret-position="2300">
              <caret line="100" column="39" selection-start-line="100" selection-start-column="39" selection-end-line="100" selection-end-column="39" />
            </state>
          </provider>
        </entry>
      </file>
      <file pinned="false" current-in-tab="true">
        <entry file="file://$PROJECT_DIR$/tpp-mock/src/test/java/pl/kir/psd2/mock/tpp/common/configuration/BaseConfiguration.java">
          <provider selected="true" editor-type-id="text-editor">
            <state relative-caret-position="729">
              <caret line="196" lean-forward="true" selection-start-line="196" selection-end-line="196" />
            </state>
          </provider>
        </entry>
      </file>
    </leaf>
  </component>
  <component name="IdeDocumentHistory">
    <option name="CHANGED_PATHS">
      <list>
        <option value="$PROJECT_DIR$/tpp-mock/pom.xml" />
      </list>
    </option>
  </component>
  <component name="MavenProjectNavigator">
    <treeState>
      <expand>
        <path>
          <item name="" type="16c1761:MavenProjectsStructure$RootNode" />
          <item name="Profiles" type="6783ec58:MavenProjectsStructure$ProfilesNode" />
        </path>
        <path>
          <item name="" type="16c1761:MavenProjectsStructure$RootNode" />
          <item name="Mock PSD2 Certification Tests: root" type="9519ce18:MavenProjectsStructure$ProjectNode" />
        </path>
        <path>
          <item name="" type="16c1761:MavenProjectsStructure$RootNode" />
          <item name="Mock PSD2 Certification Tests: root" type="9519ce18:MavenProjectsStructure$ProjectNode" />
          <item name="Lifecycle" type="58874e2:MavenProjectsStructure$LifecycleNode" />
        </path>
      </expand>
      <select />
    </treeState>
  </component>
  <component name="ProjectFrameBounds" extendedState="6">
    <option name="x" value="-8" />
    <option name="y" value="-8" />
    <option name="width" value="1936" />
    <option name="height" value="1056" />
  </component>
  <component name="ProjectView">
    <navigator proportions="" version="1">
      <foldersAlwaysOnTop value="true" />
    </navigator>
    <panes>
      <pane id="ProjectPane">
        <subPane>
          <expand>
            <path>
              <item name="certification-tool" type="b2602c69:ProjectViewProjectNode" />
              <item name="CertificationTool" type="462c0819:PsiDirectoryNode" />
            </path>
            <path>
              <item name="certification-tool" type="b2602c69:ProjectViewProjectNode" />
              <item name="CertificationTool" type="462c0819:PsiDirectoryNode" />
              <item name="launcher" type="462c0819:PsiDirectoryNode" />
            </path>
            <path>
              <item name="certification-tool" type="b2602c69:ProjectViewProjectNode" />
              <item name="CertificationTool" type="462c0819:PsiDirectoryNode" />
              <item name="launcher" type="462c0819:PsiDirectoryNode" />
              <item name="src" type="462c0819:PsiDirectoryNode" />
            </path>
            <path>
              <item name="certification-tool" type="b2602c69:ProjectViewProjectNode" />
              <item name="CertificationTool" type="462c0819:PsiDirectoryNode" />
              <item name="launcher" type="462c0819:PsiDirectoryNode" />
              <item name="src" type="462c0819:PsiDirectoryNode" />
              <item name="main" type="462c0819:PsiDirectoryNode" />
            </path>
            <path>
              <item name="certification-tool" type="b2602c69:ProjectViewProjectNode" />
              <item name="CertificationTool" type="462c0819:PsiDirectoryNode" />
              <item name="launcher" type="462c0819:PsiDirectoryNode" />
              <item name="src" type="462c0819:PsiDirectoryNode" />
              <item name="main" type="462c0819:PsiDirectoryNode" />
              <item name="java" type="462c0819:PsiDirectoryNode" />
            </path>
            <path>
              <item name="certification-tool" type="b2602c69:ProjectViewProjectNode" />
              <item name="CertificationTool" type="462c0819:PsiDirectoryNode" />
              <item name="launcher" type="462c0819:PsiDirectoryNode" />
              <item name="src" type="462c0819:PsiDirectoryNode" />
              <item name="main" type="462c0819:PsiDirectoryNode" />
              <item name="java" type="462c0819:PsiDirectoryNode" />
              <item name="launcher" type="462c0819:PsiDirectoryNode" />
            </path>
            <path>
              <item name="certification-tool" type="b2602c69:ProjectViewProjectNode" />
              <item name="CertificationTool" type="462c0819:PsiDirectoryNode" />
              <item name="launcher" type="462c0819:PsiDirectoryNode" />
              <item name="src" type="462c0819:PsiDirectoryNode" />
              <item name="test" type="462c0819:PsiDirectoryNode" />
            </path>
            <path>
              <item name="certification-tool" type="b2602c69:ProjectViewProjectNode" />
              <item name="CertificationTool" type="462c0819:PsiDirectoryNode" />
              <item name="tpp-mock" type="462c0819:PsiDirectoryNode" />
            </path>
            <path>
              <item name="certification-tool" type="b2602c69:ProjectViewProjectNode" />
              <item name="CertificationTool" type="462c0819:PsiDirectoryNode" />
              <item name="tpp-mock" type="462c0819:PsiDirectoryNode" />
              <item name="src" type="462c0819:PsiDirectoryNode" />
            </path>
            <path>
              <item name="certification-tool" type="b2602c69:ProjectViewProjectNode" />
              <item name="CertificationTool" type="462c0819:PsiDirectoryNode" />
              <item name="tpp-mock" type="462c0819:PsiDirectoryNode" />
              <item name="src" type="462c0819:PsiDirectoryNode" />
              <item name="test" type="462c0819:PsiDirectoryNode" />
            </path>
            <path>
              <item name="certification-tool" type="b2602c69:ProjectViewProjectNode" />
              <item name="CertificationTool" type="462c0819:PsiDirectoryNode" />
              <item name="tpp-mock" type="462c0819:PsiDirectoryNode" />
              <item name="src" type="462c0819:PsiDirectoryNode" />
              <item name="test" type="462c0819:PsiDirectoryNode" />
              <item name="java" type="462c0819:PsiDirectoryNode" />
            </path>
            <path>
              <item name="certification-tool" type="b2602c69:ProjectViewProjectNode" />
              <item name="CertificationTool" type="462c0819:PsiDirectoryNode" />
              <item name="tpp-mock" type="462c0819:PsiDirectoryNode" />
              <item name="src" type="462c0819:PsiDirectoryNode" />
              <item name="test" type="462c0819:PsiDirectoryNode" />
              <item name="java" type="462c0819:PsiDirectoryNode" />
              <item name="tpp" type="462c0819:PsiDirectoryNode" />
            </path>
            <path>
              <item name="certification-tool" type="b2602c69:ProjectViewProjectNode" />
              <item name="CertificationTool" type="462c0819:PsiDirectoryNode" />
              <item name="tpp-mock" type="462c0819:PsiDirectoryNode" />
              <item name="src" type="462c0819:PsiDirectoryNode" />
              <item name="test" type="462c0819:PsiDirectoryNode" />
              <item name="java" type="462c0819:PsiDirectoryNode" />
              <item name="tpp" type="462c0819:PsiDirectoryNode" />
              <item name="common" type="462c0819:PsiDirectoryNode" />
            </path>
            <path>
              <item name="certification-tool" type="b2602c69:ProjectViewProjectNode" />
              <item name="CertificationTool" type="462c0819:PsiDirectoryNode" />
              <item name="tpp-mock" type="462c0819:PsiDirectoryNode" />
              <item name="src" type="462c0819:PsiDirectoryNode" />
              <item name="test" type="462c0819:PsiDirectoryNode" />
              <item name="java" type="462c0819:PsiDirectoryNode" />
              <item name="tpp" type="462c0819:PsiDirectoryNode" />
              <item name="common" type="462c0819:PsiDirectoryNode" />
              <item name="adapter" type="462c0819:PsiDirectoryNode" />
            </path>
            <path>
              <item name="certification-tool" type="b2602c69:ProjectViewProjectNode" />
              <item name="CertificationTool" type="462c0819:PsiDirectoryNode" />
              <item name="tpp-mock" type="462c0819:PsiDirectoryNode" />
              <item name="src" type="462c0819:PsiDirectoryNode" />
              <item name="test" type="462c0819:PsiDirectoryNode" />
              <item name="java" type="462c0819:PsiDirectoryNode" />
              <item name="tpp" type="462c0819:PsiDirectoryNode" />
              <item name="common" type="462c0819:PsiDirectoryNode" />
              <item name="configuration" type="462c0819:PsiDirectoryNode" />
            </path>
            <path>
              <item name="certification-tool" type="b2602c69:ProjectViewProjectNode" />
              <item name="CertificationTool" type="462c0819:PsiDirectoryNode" />
              <item name="tpp-mock" type="462c0819:PsiDirectoryNode" />
              <item name="src" type="462c0819:PsiDirectoryNode" />
              <item name="test" type="462c0819:PsiDirectoryNode" />
              <item name="java" type="462c0819:PsiDirectoryNode" />
              <item name="tpp" type="462c0819:PsiDirectoryNode" />
              <item name="common" type="462c0819:PsiDirectoryNode" />
              <item name="task" type="462c0819:PsiDirectoryNode" />
            </path>
            <path>
              <item name="certification-tool" type="b2602c69:ProjectViewProjectNode" />
              <item name="CertificationTool" type="462c0819:PsiDirectoryNode" />
              <item name="tpp-mock" type="462c0819:PsiDirectoryNode" />
              <item name="src" type="462c0819:PsiDirectoryNode" />
              <item name="test" type="462c0819:PsiDirectoryNode" />
              <item name="java" type="462c0819:PsiDirectoryNode" />
              <item name="tpp" type="462c0819:PsiDirectoryNode" />
              <item name="common" type="462c0819:PsiDirectoryNode" />
              <item name="task" type="462c0819:PsiDirectoryNode" />
              <item name="part" type="462c0819:PsiDirectoryNode" />
            </path>
            <path>
              <item name="certification-tool" type="b2602c69:ProjectViewProjectNode" />
              <item name="CertificationTool" type="462c0819:PsiDirectoryNode" />
              <item name="tpp-mock" type="462c0819:PsiDirectoryNode" />
              <item name="src" type="462c0819:PsiDirectoryNode" />
              <item name="test" type="462c0819:PsiDirectoryNode" />
              <item name="java" type="462c0819:PsiDirectoryNode" />
              <item name="tpp" type="462c0819:PsiDirectoryNode" />
              <item name="common" type="462c0819:PsiDirectoryNode" />
              <item name="task" type="462c0819:PsiDirectoryNode" />
              <item name="unit" type="462c0819:PsiDirectoryNode" />
            </path>
            <path>
              <item name="certification-tool" type="b2602c69:ProjectViewProjectNode" />
              <item name="CertificationTool" type="462c0819:PsiDirectoryNode" />
              <item name="tpp-mock" type="462c0819:PsiDirectoryNode" />
              <item name="src" type="462c0819:PsiDirectoryNode" />
              <item name="test" type="462c0819:PsiDirectoryNode" />
              <item name="java" type="462c0819:PsiDirectoryNode" />
              <item name="tpp" type="462c0819:PsiDirectoryNode" />
              <item name="common" type="462c0819:PsiDirectoryNode" />
              <item name="utils" type="462c0819:PsiDirectoryNode" />
            </path>
            <path>
              <item name="certification-tool" type="b2602c69:ProjectViewProjectNode" />
              <item name="CertificationTool" type="462c0819:PsiDirectoryNode" />
              <item name="tpp-mock" type="462c0819:PsiDirectoryNode" />
              <item name="src" type="462c0819:PsiDirectoryNode" />
              <item name="test" type="462c0819:PsiDirectoryNode" />
              <item name="java" type="462c0819:PsiDirectoryNode" />
              <item name="tpp" type="462c0819:PsiDirectoryNode" />
              <item name="feature" type="462c0819:PsiDirectoryNode" />
            </path>
            <path>
              <item name="certification-tool" type="b2602c69:ProjectViewProjectNode" />
              <item name="CertificationTool" type="462c0819:PsiDirectoryNode" />
              <item name="tpp-mock" type="462c0819:PsiDirectoryNode" />
              <item name="src" type="462c0819:PsiDirectoryNode" />
              <item name="test" type="462c0819:PsiDirectoryNode" />
              <item name="java" type="462c0819:PsiDirectoryNode" />
              <item name="tpp" type="462c0819:PsiDirectoryNode" />
              <item name="feature" type="462c0819:PsiDirectoryNode" />
              <item name="enabler" type="462c0819:PsiDirectoryNode" />
            </path>
            <path>
              <item name="certification-tool" type="b2602c69:ProjectViewProjectNode" />
              <item name="CertificationTool" type="462c0819:PsiDirectoryNode" />
              <item name="tpp-mock" type="462c0819:PsiDirectoryNode" />
              <item name="src" type="462c0819:PsiDirectoryNode" />
              <item name="test" type="462c0819:PsiDirectoryNode" />
              <item name="java" type="462c0819:PsiDirectoryNode" />
              <item name="tpp" type="462c0819:PsiDirectoryNode" />
              <item name="implementation" type="462c0819:PsiDirectoryNode" />
            </path>
            <path>
              <item name="certification-tool" type="b2602c69:ProjectViewProjectNode" />
              <item name="CertificationTool" type="462c0819:PsiDirectoryNode" />
              <item name="tpp-mock" type="462c0819:PsiDirectoryNode" />
              <item name="src" type="462c0819:PsiDirectoryNode" />
              <item name="test" type="462c0819:PsiDirectoryNode" />
              <item name="java" type="462c0819:PsiDirectoryNode" />
              <item name="tpp" type="462c0819:PsiDirectoryNode" />
              <item name="implementation" type="462c0819:PsiDirectoryNode" />
              <item name="certificate" type="462c0819:PsiDirectoryNode" />
            </path>
            <path>
              <item name="certification-tool" type="b2602c69:ProjectViewProjectNode" />
              <item name="CertificationTool" type="462c0819:PsiDirectoryNode" />
              <item name="tpp-mock" type="462c0819:PsiDirectoryNode" />
              <item name="src" type="462c0819:PsiDirectoryNode" />
              <item name="test" type="462c0819:PsiDirectoryNode" />
              <item name="java" type="462c0819:PsiDirectoryNode" />
              <item name="tpp" type="462c0819:PsiDirectoryNode" />
              <item name="implementation" type="462c0819:PsiDirectoryNode" />
              <item name="certificate" type="462c0819:PsiDirectoryNode" />
              <item name="parameter" type="462c0819:PsiDirectoryNode" />
            </path>
          </expand>
          <select />
        </subPane>
      </pane>
      <pane id="PackagesPane" />
      <pane id="Scope" />
    </panes>
  </component>
  <component name="ToolWindowManager">
    <frame x="-8" y="-8" width="2576" height="1416" extended-state="6" />
    <layout>
      <window_info active="true" content_ui="combo" id="Project" order="0" visible="true" weight="0.2638061" />
      <window_info id="Structure" order="1" side_tool="true" weight="0.25" />
      <window_info id="Favorites" order="2" side_tool="true" />
      <window_info anchor="bottom" id="Message" order="0" />
      <window_info anchor="bottom" id="Find" order="1" />
      <window_info anchor="bottom" id="Run" order="2" weight="0.32967892" />
      <window_info anchor="bottom" id="Debug" order="3" weight="0.4" />
      <window_info anchor="bottom" id="Cvs" order="4" weight="0.25" />
      <window_info anchor="bottom" id="Inspection" order="5" weight="0.4" />
      <window_info anchor="bottom" id="TODO" order="6" />
      <window_info anchor="bottom" id="Services" order="7" />
      <window_info anchor="bottom" id="Version Control" order="8" />
      <window_info anchor="bottom" id="Terminal" order="9" />
      <window_info anchor="bottom" id="Event Log" order="10" side_tool="true" />
      <window_info anchor="bottom" id="Build" order="11" weight="0.32967892" />
      <window_info anchor="right" id="Commander" order="0" weight="0.4" />
      <window_info anchor="right" id="Ant Build" order="1" weight="0.25" />
      <window_info anchor="right" content_ui="combo" id="Hierarchy" order="2" weight="0.25" />
      <window_info anchor="right" id="Maven" order="3" visible="true" weight="0.113230035" />
      <window_info anchor="right" id="Theme Preview" order="4" />
      <window_info anchor="right" id="Ant" order="5" />
    </layout>
  </component>
  <component name="editorHistoryManager">
    <entry file="file://$PROJECT_DIR$/tpp-mock/src/test/java/pl/kir/psd2/mock/tpp/common/certificate/ssl/QKeyManagerFactory.java">
      <provider selected="true" editor-type-id="text-editor">
        <state relative-caret-position="92">
          <caret line="5" column="17" selection-start-line="5" selection-start-column="17" selection-end-line="5" selection-end-column="17" />
        </state>
      </provider>
    </entry>
    <entry file="file://$PROJECT_DIR$/tpp-mock/src/test/java/pl/kir/psd2/mock/tpp/common/certificate/model/QCertificateFactoryImpl.java">
      <provider selected="true" editor-type-id="text-editor">
        <state relative-caret-position="-851">
          <caret line="21" column="13" selection-start-line="21" selection-start-column="13" selection-end-line="21" selection-end-column="13" />
        </state>
      </provider>
    </entry>
    <entry file="file://$PROJECT_DIR$/tpp-mock/src/test/java/pl/kir/psd2/mock/tpp/common/certificate/model/QCertificateFactory.java">
      <provider selected="true" editor-type-id="text-editor">
        <state relative-caret-position="92">
          <caret line="4" column="19" selection-start-line="4" selection-start-column="19" selection-end-line="4" selection-end-column="19" />
        </state>
      </provider>
    </entry>
    <entry file="file://$PROJECT_DIR$/tpp-mock/src/test/java/pl/kir/psd2/mock/tpp/common/certificate/facade/CertificateSetupFacade.java">
      <provider selected="true" editor-type-id="text-editor">
        <state relative-caret-position="437">
          <caret line="29" column="64" lean-forward="true" selection-start-line="29" selection-start-column="64" selection-end-line="29" selection-end-column="64" />
        </state>
      </provider>
    </entry>
    <entry file="file://$PROJECT_DIR$/tpp-mock/src/test/java/pl/kir/psd2/mock/tpp/common/certificate/CertificateSetupStepDefinition.java">
      <provider selected="true" editor-type-id="text-editor">
        <state relative-caret-position="184">
          <caret line="13" column="14" selection-start-line="13" selection-start-column="14" selection-end-line="13" selection-end-column="14" />
        </state>
      </provider>
    </entry>
    <entry file="file://$PROJECT_DIR$/tpp-mock/src/test/java/pl/kir/psd2/mock/tpp/common/certificate/ssl/QwaCManager.java">
      <provider selected="true" editor-type-id="text-editor">
        <state relative-caret-position="193">
          <caret line="55" lean-forward="true" selection-start-line="55" selection-end-line="75" selection-end-column="3" />
        </state>
      </provider>
    </entry>
    <entry file="file://$PROJECT_DIR$/tpp-mock/src/test/java/pl/kir/psd2/mock/tpp/facade/feature/enabler/EnablerConfiguration.java">
      <provider selected="true" editor-type-id="text-editor">
        <state relative-caret-position="138">
          <caret line="9" column="13" selection-start-line="9" selection-start-column="13" selection-end-line="9" selection-end-column="13" />
        </state>
      </provider>
    </entry>
    <entry file="file://$PROJECT_DIR$/tpp-mock/src/test/java/pl/kir/psd2/mock/tpp/facade/feature/enabler/EnablerConfigurationFacade.java">
      <provider selected="true" editor-type-id="text-editor">
        <state relative-caret-position="78">
          <caret line="13" column="13" selection-start-line="13" selection-start-column="13" selection-end-line="13" selection-end-column="13" />
        </state>
      </provider>
    </entry>
    <entry file="file://$PROJECT_DIR$/tpp-mock/src/test/java/pl/kir/psd2/mock/tpp/common/adapter/LocalDateTypeAdapter.java">
      <provider selected="true" editor-type-id="text-editor">
        <state relative-caret-position="92">
          <caret line="11" column="13" selection-start-line="11" selection-start-column="13" selection-end-line="11" selection-end-column="13" />
        </state>
      </provider>
    </entry>
    <entry file="file://$PROJECT_DIR$/tpp-mock/src/test/java/pl/kir/psd2/mock/tpp/common/adapter/ByteArrayTypeAdapter.java">
      <provider selected="true" editor-type-id="text-editor">
        <state relative-caret-position="92">
          <caret line="9" column="13" selection-start-line="9" selection-start-column="13" selection-end-line="9" selection-end-column="13" />
        </state>
      </provider>
    </entry>
    <entry file="file://$PROJECT_DIR$/tpp-mock/src/test/java/pl/kir/psd2/mock/tpp/common/builder/header/auth/RequestHeaderWithoutTokenAsBuilderImpl.java">
      <provider selected="true" editor-type-id="text-editor">
        <state relative-caret-position="115">
          <caret line="7" column="13" selection-start-line="7" selection-start-column="13" selection-end-line="7" selection-end-column="13" />
        </state>
      </provider>
    </entry>
    <entry file="file://$PROJECT_DIR$/tpp-mock/src/test/java/pl/kir/psd2/mock/tpp/common/clock/ClockSetConfiguration.java">
      <provider selected="true" editor-type-id="text-editor">
        <state relative-caret-position="138">
          <caret line="14" column="13" selection-start-line="14" selection-start-column="13" selection-end-line="14" selection-end-column="13" />
        </state>
      </provider>
    </entry>
    <entry file="file://$PROJECT_DIR$/tpp-mock/src/test/java/pl/kir/psd2/mock/tpp/common/psu/PsuStepDefinition.java">
      <provider selected="true" editor-type-id="text-editor">
        <state relative-caret-position="138">
          <caret line="12" column="13" selection-start-line="12" selection-start-column="13" selection-end-line="12" selection-end-column="13" />
        </state>
      </provider>
    </entry>
    <entry file="file://$PROJECT_DIR$/tpp-mock/src/test/java/pl/kir/psd2/mock/tpp/common/task/part/Output.java">
      <provider selected="true" editor-type-id="text-editor">
        <state relative-caret-position="46">
          <caret line="2" column="17" selection-start-line="2" selection-start-column="17" selection-end-line="2" selection-end-column="17" />
        </state>
      </provider>
    </entry>
    <entry file="file://$PROJECT_DIR$/tpp-mock/src/test/java/pl/kir/psd2/mock/tpp/common/task/unit/ApiCallTaskImpl.java">
      <provider selected="true" editor-type-id="text-editor">
        <state relative-caret-position="92">
          <caret line="12" column="13" selection-start-line="12" selection-start-column="13" selection-end-line="12" selection-end-column="13" />
        </state>
      </provider>
    </entry>
    <entry file="file://$PROJECT_DIR$/tpp-mock/src/test/java/pl/kir/psd2/mock/tpp/common/task/ApiCallTaskRefresher.java">
      <provider selected="true" editor-type-id="text-editor">
        <state relative-caret-position="161">
          <caret line="12" column="13" selection-start-line="12" selection-start-column="13" selection-end-line="12" selection-end-column="13" />
        </state>
      </provider>
    </entry>
    <entry file="file://$PROJECT_DIR$/tpp-mock/src/test/java/pl/kir/psd2/mock/tpp/common/request/RequestConfigurationFactory.java">
      <provider selected="true" editor-type-id="text-editor">
        <state relative-caret-position="115">
          <caret line="15" column="13" selection-start-line="15" selection-start-column="13" selection-end-line="15" selection-end-column="13" />
        </state>
      </provider>
    </entry>
    <entry file="file://$PROJECT_DIR$/tpp-mock/pom.xml">
      <provider selected="true" editor-type-id="text-editor">
        <state relative-caret-position="7728">
          <caret line="336" column="46" selection-start-line="336" selection-start-column="46" selection-end-line="336" selection-end-column="46" />
        </state>
      </provider>
    </entry>
    <entry file="file://$PROJECT_DIR$/launcher/pom.xml">
      <provider selected="true" editor-type-id="text-editor" />
    </entry>
    <entry file="file://$PROJECT_DIR$/pom.xml">
      <provider selected="true" editor-type-id="text-editor">
        <state relative-caret-position="2300">
          <caret line="100" column="39" selection-start-line="100" selection-start-column="39" selection-end-line="100" selection-end-column="39" />
        </state>
      </provider>
    </entry>
    <entry file="file://$PROJECT_DIR$/tpp-mock/src/test/java/pl/kir/psd2/mock/tpp/common/configuration/BaseConfiguration.java">
      <provider selected="true" editor-type-id="text-editor">
        <state relative-caret-position="729">
          <caret line="196" lean-forward="true" selection-start-line="196" selection-end-line="196" />
        </state>
      </provider>
    </entry>
  </component>
  <component name="masterDetails">
    <states>
      <state key="ArtifactsStructureConfigurable.UI">
        <settings>
          <artifact-editor />
          <splitter-proportions>
            <option name="proportions">
              <list>
                <option value="0.2" />
              </list>
            </option>
          </splitter-proportions>
        </settings>
      </state>
      <state key="FacetStructureConfigurable.UI">
        <settings>
          <splitter-proportions>
            <option name="proportions">
              <list>
                <option value="0.2" />
              </list>
            </option>
          </splitter-proportions>
        </settings>
      </state>
      <state key="GlobalLibrariesConfigurable.UI">
        <settings>
          <splitter-proportions>
            <option name="proportions">
              <list>
                <option value="0.2" />
              </list>
            </option>
          </splitter-proportions>
        </settings>
      </state>
      <state key="JdkListConfigurable.UI">
        <settings>
          <last-edited>11</last-edited>
          <splitter-proportions>
            <option name="proportions">
              <list>
                <option value="0.2" />
              </list>
            </option>
          </splitter-proportions>
        </settings>
      </state>
      <state key="ModuleStructureConfigurable.UI">
        <settings>
          <splitter-proportions>
            <option name="proportions">
              <list>
                <option value="0.2" />
              </list>
            </option>
          </splitter-proportions>
        </settings>
      </state>
      <state key="ProjectLibrariesConfigurable.UI">
        <settings>
          <splitter-proportions>
            <option name="proportions">
              <list>
                <option value="0.2" />
              </list>
            </option>
          </splitter-proportions>
        </settings>
      </state>
    </states>
  </component>
</project>