<application>
  <component name="DimensionService">
    <location key="SettingsEditor.0.0.1920.1080" x="852" y="164" />
    <location key="FileChooserDialogImpl.0.0.1920.1080" x="1198" y="203" />
    <location key="WELCOME_SCREEN.0.0.1920.1080" x="959" y="230" />
    <location key="com.intellij.ide.util.TipDialog.0.0.1920.1080" x="667" y="331" />
    <location key="#com.intellij.execution.impl.EditConfigurationsDialog.0.0.1920.1080" x="474" y="112" />
    <location key="#com.intellij.codeInsight.editorActions.RestoreReferencesDialog.0.0.1920.1080" x="690" y="269" />
    <location key="#com.intellij.ide.util.MemberChooser.0.0.1920.1080" x="765" y="201" />
    <location key="findTextDialog.0.0.1920.1080" x="637" y="246" />
    <location key="#com.intellij.refactoring.move.MoveHandler.SelectRefactoringDialog.0.0.1920.1080" x="649" y="430" />
    <location key="#com.intellij.refactoring.move.moveClassesOrPackages.MoveClassesOrPackagesDialog.classes.0.0.1920.1080" x="710" y="366" />
    <location key="#Tomcat_Server.0.0.1920.1080" x="743" y="404" />
    <location key="#Tomcat.0.0.1920.1080" x="653" y="138" />
    <location key="#BuildArtifactsBeforeRunChooser.0.0.1920.1080" x="740" y="341" />
    <location key="new project wizard.0.0.1920.1080" x="715" y="200" />
    <location key="NewModule_or_Project.wizard.0.0.1920.1080" x="602" y="172" />
    <location key="#Project_Structure.0.0.1920.1080" x="440" y="88" />
    <location key="#com.intellij.ide.util.TreeClassChooserDialog.0.0.1920.1080" x="689" y="326" />
    <location key="#com.intellij.fileTypes.FileTypeChooser.0.0.1920.1080" x="737" y="310" />
    <location key="#com.intellij.refactoring.rename.AutomaticRenamingDialog.0.0.1920.1080" x="249" y="0" />
    <location key="replaceTextDialog.0.0.1920.1080" x="828" y="264" />
    <location key="ReplaceDuplicatesPrompt.0.0.1920.1080" x="630" y="439" />
    <location key="com.intellij.openapi.editor.actions.MultiplePasteAction$1.0.0.1920.1080" x="790" y="130" />
    <location key="#com.intellij.j2ee.appServerIntegrations.ApplicationServersConfigurable.0.0.1920.1080" x="601" y="138" />
    <location key="#com.intellij.ide.actions.ChooseComponentsToExportDialog.0.0.1920.1080" x="717" y="383" />
    <location key="#com.intellij.refactoring.move.moveClassesOrPackages.MoveClassesOrPackagesDialog.packages.0.0.1920.1080" x="681" y="395" />
    <location key="#com.intellij.ide.util.frameworkSupport.AddFrameworkSupportDialog.0.0.1920.1080" x="588" y="209" />
    <location key="#com.intellij.framework.addSupport.AddSupportForSingleFrameworkDialog.0.0.1920.1080" x="877" y="476" />
    <location key="ProcessPopupWindow.0.0.1920.1080" x="1438" y="928" />
    <location key="#com.intellij.javaee.module.view.common.J2EE.J2EEDeploymentDescriptorLocationPanel.changeDDPath.0.0.1920.1080" x="940" y="500" />
    <location key="#Assign_Data_Sources.0.0.1920.1080" x="715" y="256" />
    <location key="#Test.0.0.1920.1080" x="710" y="218" />
    <location key="FileChooserDialogImpl.0.0.1366.768" x="463" y="112" />
    <location key="SettingsEditor.0.0.1366.768" x="164" y="0" />
    <location key="#com.intellij.execution.impl.EditConfigurationsDialog.0.0.1366.768" x="54" y="0" />
    <location key="#com.intellij.codeInsight.editorActions.RestoreReferencesDialog.0.0.1366.768" x="413" y="112" />
    <location key="#com.intellij.ide.util.PackageChooserDialog.0.0.1366.768" x="397" y="185" />
    <location key="#D:/WorktestPLC/prezentacja/testng.xml.0.0.1366.768" x="432" y="4" />
    <location key="FileChooserDialogImpl.0.0.1920.1080@120dpi" x="550" y="214" />
    <location key="#Browse_JetBrains_Plugins_.0.0.1920.1080@120dpi" x="539" y="154" />
    <location key="#Plugins.0.0.1920.1080@120dpi" x="551" y="156" />
    <location key="ProcessPopupWindow.0.0.1920.1080@120dpi" x="1439" y="895" />
    <location key="SettingsEditor.0.0.1920.1080@120dpi" x="396" y="79" />
    <location key="com.intellij.javaee.MapExternalResourceDialog.0.0.1920.1080@120dpi" x="372" y="259" />
    <location key="new project wizard.0.0.1920.1080@120dpi" x="514" y="189" />
    <location key="#com.intellij.execution.impl.EditConfigurationsDialog.0.0.1920.1080@120dpi" x="391" y="75" />
    <location key="new project wizard.0.0.2400.1350@120dpi" x="754" y="174" />
    <location key="#Project_Structure.0.0.2400.1350@120dpi" x="551" y="111" />
    <location key="#com.intellij.execution.impl.EditConfigurationsDialog.0.0.2400.1350@120dpi" x="653" y="289" />
    <location key="FileChooserDialogImpl.0.0.2400.1350@120dpi" x="929" y="339" />
    <location key="#com.intellij.refactoring.move.MoveHandler.SelectRefactoringDialog.0.0.2400.1350@120dpi" x="752" y="541" />
    <location key="find.popup.0.0.2400.1350@120dpi" x="851" y="124" />
    <location key="#com.intellij.refactoring.move.moveClassesOrPackages.MoveClassesOrPackagesDialog.classes.0.0.2400.1350@120dpi" x="915" y="463" />
    <location key="#com.intellij.ide.util.MemberChooser.0.0.2400.1350@120dpi" x="960" y="281" />
    <location key="#com.intellij.codeInsight.editorActions.RestoreReferencesDialog.0.0.2400.1350@120dpi" x="866" y="339" />
    <location key="#com.intellij.fileTypes.FileTypeChooser.0.0.2400.1350@120dpi" x="897" y="417" />
    <location key="#Browse_Repositories.0.0.2400.1350@120dpi" x="779" y="289" />
    <location key="SettingsEditor.0.0.2400.1350@120dpi" x="769" y="268" />
    <location key="#com.intellij.refactoring.rename.AutomaticRenamingDialog.0.0.2400.1350@120dpi" x="896" y="122" />
    <location key="#com.intellij.codeInsight.editorActions.RestoreReferencesDialog.0.0.1920.1080@120dpi" x="196" y="126" />
    <location key="#com.intellij.ide.util.MemberChooser.0.0.1920.1080@120dpi" x="717" y="150" />
    <location key="#com.intellij.refactoring.move.moveClassesOrPackages.MoveClassesOrPackagesDialog.packages.0.0.2400.1350@120dpi" x="945" y="500" />
    <location key="#com.intellij.refactoring.move.MoveHandler.SelectRefactoringDialog.0.0.1920.1080@120dpi" x="539" y="406" />
    <location key="find.popup.0.0.1920.1080@120dpi" x="579" y="48" />
    <location key="ReplaceDuplicatesPrompt.0.0.1920.1080@120dpi" x="368" y="429" />
    <location key="#Notifications.0.0.1920.1080@120dpi" x="646" y="167" />
    <location key="#Browse_Repositories.0.0.1920.1080@120dpi" x="601" y="144" />
    <location key="GrepConsoleSettings.0.0.1920.1080@120dpi" x="439" y="289" />
    <location key="#com.intellij.refactoring.rename.AutomaticRenamingDialog.0.0.1920.1080@120dpi" x="23" y="0" />
    <location key="#com.intellij.fileTypes.FileTypeChooser.0.0.1920.1080@120dpi" x="646" y="282" />
    <location key="#Inspections.0.0.1920.1080@120dpi" x="588" y="169" />
    <location key="RollbackChangesDialog.0.0.1920.1080@120dpi" x="727" y="153" />
    <location key="#Project_Structure.0.0.1920.1080@120dpi" x="311" y="0" />
    <location key="FileChooserDialogImpl.0.0.2400.1500@120dpi" x="929" y="414" />
    <location key="WELCOME_SCREEN.0.0.1920.1080@120dpi" x="962" y="305" />
    <location key="#com.intellij.refactoring.move.moveClassesOrPackages.MoveClassesOrPackagesDialog.classes.0.0.1920.1080@120dpi" x="699" y="328" />
    <location key="#com.intellij.refactoring.move.moveClassesOrPackages.MoveClassesOrPackagesDialog.packages.0.0.1920.1080@120dpi" x="705" y="365" />
    <location key="SettingsEditor.0.0.2400.1500@120dpi" x="551" y="186" />
    <location key="#com.intellij.execution.impl.EditConfigurationsDialog.0.0.2400.1500@120dpi" x="653" y="364" />
    <location key="#com.intellij.refactoring.move.moveClassesOrPackages.MoveClassesOrPackagesDialog.classes.0.0.2400.1500@120dpi" x="945" y="538" />
    <location key="#com.intellij.codeInsight.editorActions.RestoreReferencesDialog.0.0.2400.1500@120dpi" x="866" y="414" />
    <location key="find.popup.0.0.2400.1500@120dpi" x="852" y="125" />
    <location key="EditParametersPopupWindow.0.0.1920.1080@120dpi" x="667" y="427" />
    <location key="FileChooserDialogImpl.0.0.1920.1080@144dpi" x="476" y="58" />
    <location key="SettingsEditor.0.0.1920.1080@144dpi" x="181" y="0" />
    <location key="#com.intellij.execution.impl.EditConfigurationsDialog.0.0.1920.1080@144dpi" x="408" y="113" />
    <location key="#com.intellij.fileTypes.FileTypeChooser.0.0.1920.1080@144dpi" x="586" y="258" />
    <location key="#com.intellij.refactoring.move.MoveHandler.SelectRefactoringDialog.0.0.1920.1080@144dpi" x="519" y="384" />
    <location key="#com.intellij.codeInsight.editorActions.RestoreReferencesDialog.0.0.1920.1080@144dpi" x="562" y="139" />
    <location key="FileChooserDialogImpl.0.0.2304.1296@144dpi" x="829" y="247" />
    <location key="#com.intellij.refactoring.move.MoveHandler.SelectRefactoringDialog.0.0.2304.1296@144dpi" x="547" y="492" />
    <location key="find.popup.0.0.2880.1800@144dpi" x="1019" y="122" />
    <location key="#com.intellij.refactoring.rename.AutomaticRenamingDialog.0.0.2304.1296@144dpi" x="384" y="0" />
    <location key="find.popup.0.0.2304.1296@144dpi" x="727" y="118" />
    <location key="#com.intellij.codeInsight.editorActions.RestoreReferencesDialog.0.0.2304.1296@144dpi" x="754" y="247" />
    <location key="SettingsEditor.0.0.2304.1296@144dpi" x="380" y="96" />
    <location key="#com.intellij.ide.util.MemberChooser.0.0.2304.1296@144dpi" x="866" y="179" />
    <location key="ProcessPopupWindow.0.0.2304.1296@144dpi" x="1066" y="986" />
    <location key="#com.intellij.execution.impl.EditConfigurationsDialog.0.0.2304.1296@144dpi" x="602" y="216" />
    <location key="#xdebugger.evaluate.0.0.2304.1296@144dpi" x="260" y="363" />
    <location key="#Project_Structure.0.0.2304.1296@144dpi" x="373" y="0" />
    <location key="#Gradle.0.0.2304.1296@144dpi" x="496" y="32" />
    <location key="#xdebugger.evaluate.0.0.1920.1080@120dpi" x="491" y="266" />
    <location key="com.intellij.openapi.editor.actions.MultiplePasteAction$ClipboardContentChooser.0.0.1920.1080@120dpi" x="751" y="33" />
    <location key="#com.intellij.codeInsight.editorActions.RestoreReferencesDialog.0.0.1920.1200@120dpi" x="626" y="264" />
    <location key="#com.intellij.codeInsight.editorActions.RestoreReferencesDialog.0.0.1536.864" x="-796" y="390" />
    <location key="FileChooserDialogImpl.0.0.1536.864" x="548" y="160" />
    <location key="new project wizard.0.0.1536.864" x="476" y="57" />
    <location key="SettingsEditor.0.0.1536.864" x="461" y="91" />
    <location key="#com.intellij.refactoring.move.moveClassesOrPackages.MoveClassesOrPackagesDialog.classes.0.0.1536.864" x="484" y="281" />
    <location key="FileChooserDialogImpl.0.0.1536.960" x="548" y="208" />
    <location key="#com.intellij.refactoring.move.MoveHandler.SelectRefactoringDialog.0.0.1536.960" x="385" y="370" />
    <location key="new project wizard.0.0.1536.960" x="395" y="87" />
    <location key="new project wizard.0.0.1280.720" x="265" y="0" />
    <location key="new project wizard.1280.0.1280.720" x="1611" y="19" />
    <location key="#com.intellij.execution.impl.EditConfigurationsDialog.1280.0.1280.720" x="1411" y="0" />
    <location key="SettingsEditor.1280.0.1280.720" x="1401" y="0" />
    <location key="SettingsEditor.1536.0.1536.864" x="1785" y="61" />
    <location key="#com.intellij.execution.impl.EditConfigurationsDialog.0.0.1536.864" x="222" y="60" />
    <location key="FileChooserDialogImpl.0.0.1280.720" x="420" y="88" />
    <location key="FileChooserDialogImpl.1280.0.1280.720" x="1700" y="88" />
    <location key="#com.intellij.refactoring.move.moveClassesOrPackages.MoveClassesOrPackagesDialog.classes.1280.0.1280.720" x="1607" y="185" />
    <location key="CommitChangelistDialog2.0.0.1280.720" x="276" y="0" />
    <location key="new project wizard.0.0.1600.900@120dpi" x="424" y="99" />
    <location key="#com.intellij.ide.util.MemberChooser.0.0.1600.900@120dpi" x="560" y="64" />
    <location key="SettingsEditor.0.0.1600.900@120dpi" x="151" y="0" />
    <location key="FileChooserDialogImpl.0.0.1600.900@120dpi" x="529" y="114" />
    <location key="#com.intellij.refactoring.move.moveClassesOrPackages.MoveClassesOrPackagesDialog.classes.0.0.1600.900@120dpi" x="516" y="238" />
    <location key="#com.intellij.refactoring.move.MoveHandler.SelectRefactoringDialog.0.0.1600.900@120dpi" x="351" y="316" />
    <location key="#com.intellij.execution.impl.EditConfigurationsDialog.0.0.1600.900@120dpi" x="253" y="64" />
    <location key="#com.intellij.codeInsight.editorActions.RestoreReferencesDialog.0.0.1600.900@120dpi" x="466" y="114" />
    <location key="WELCOME_SCREEN.0.0.2560.1440" x="1282" y="549" />
    <location key="#com.intellij.openapi.updateSettings.impl.PluginUpdateInfoDialog.0.0.2560.1440" x="960" y="427" />
    <location key="#Plugins.0.0.2560.1440" x="872" y="358" />
    <location key="FileChooserDialogImpl.0.0.2560.1440" x="1606" y="364" />
    <location key="new project wizard.0.0.2560.1440" x="589" y="130" />
    <location key="SettingsEditor.0.0.2560.1440" x="765" y="342" />
    <location key="run.anything.popup.0.0.2560.1440" x="936" y="330" />
    <location key="search.everywhere.popup.0.0.2560.1440" x="943" y="315" />
    <location key="#com.intellij.execution.impl.EditConfigurationsDialog.0.0.2560.1440" x="734" y="354" />
    <location key="#com.intellij.fileTypes.FileTypeChooser.0.0.2560.1440" x="1029" y="503" />
    <location key="#com.intellij.refactoring.move.moveClassesOrPackages.MoveClassesOrPackagesDialog.classes.0.0.2560.1440" x="1076" y="559" />
    <location key="#com.intellij.codeInsight.editorActions.RestoreReferencesDialog.0.0.2560.1440" x="1010" y="454" />
    <location key="#com.intellij.ide.util.MemberChooser.0.0.2560.1440" x="1085" y="409" />
    <location key="#com.intellij.refactoring.move.MoveHandler.SelectRefactoringDialog.0.0.2560.1440" x="853" y="625" />
    <location key="find.popup.0.0.2560.1440" x="978" y="208" />
    <location key="IDE.errors.dialog.0.0.2560.1440" x="860" y="434" />
    <location key="#com.intellij.refactoring.move.moveClassesOrPackages.MoveClassesOrPackagesDialog.packages.0.0.2560.1440" x="1076" y="580" />
    <location key="#com.intellij.refactoring.rename.AutomaticRenamingDialog.0.0.2560.1440" x="934" y="0" />
    <location key="ProcessPopupWindow.0.0.2560.1440" x="1918" y="1079" />
    <location key="#com.intellij.ide.actions.ChooseComponentsToExportDialog.0.0.2560.1440" x="1029" y="536" />
    <location key="#com.intellij.ide.util.TreeClassChooserDialog.0.0.2560.1440" x="1015" y="552" />
    <size key="#com.intellij.execution.impl.EditConfigurationsDialog.0.0.1920.1080" width="1092" height="829" />
    <size key="javadoc.popup.0.0.1920.1080" width="446" height="170" />
    <size key="SettingsEditor.0.0.1920.1080" width="1068" height="801" />
    <size key="GridCell.Tab.0.left.0.0.1920.1080" width="1876" height="241" />
    <size key="GridCell.Tab.0.center.0.0.1920.1080" width="1876" height="241" />
    <size key="GridCell.Tab.0.right.0.0.1920.1080" width="1876" height="241" />
    <size key="GridCell.Tab.0.bottom.0.0.1920.1080" width="1876" height="241" />
    <size key="GridCell.Tab.1.left.0.0.1920.1080" width="1876" height="282" />
    <size key="GridCell.Tab.1.center.0.0.1920.1080" width="1876" height="282" />
    <size key="GridCell.Tab.1.right.0.0.1920.1080" width="1876" height="282" />
    <size key="GridCell.Tab.1.bottom.0.0.1920.1080" width="1876" height="282" />
    <size key="GridCell.Tab.2.left.0.0.1920.1080" width="1876" height="282" />
    <size key="GridCell.Tab.2.center.0.0.1920.1080" width="1876" height="282" />
    <size key="GridCell.Tab.2.right.0.0.1920.1080" width="1876" height="282" />
    <size key="GridCell.Tab.2.bottom.0.0.1920.1080" width="1876" height="282" />
    <size key="findTextDialog.0.0.1920.1080" width="1001" height="572" />
    <size key="DebuggerActiveHint.0.0.1920.1080" width="423" height="423" />
    <size key="GridCell.Tab.0.left.1920.0.1920.1080" width="1902" height="1016" />
    <size key="GridCell.Tab.0.center.1920.0.1920.1080" width="1902" height="1016" />
    <size key="GridCell.Tab.0.right.1920.0.1920.1080" width="1902" height="1016" />
    <size key="GridCell.Tab.0.bottom.1920.0.1920.1080" width="1902" height="1016" />
    <size key="ProcessPopupWindow.0.0.1920.1080" width="281" height="118" />
    <size key="#com.intellij.framework.addSupport.AddSupportForSingleFrameworkDialog.0.0.1920.1080" width="630" height="286" />
    <size key="javadoc.popup.1920.0.1920.1080" width="446" height="170" />
    <size key="javadoc.popup.1920.311.1366.768" width="446" height="170" />
    <size key="javadoc.popup.0.0.1366.768" width="446" height="170" />
    <size key="GridCell.Tab.0.left.0.0.1366.768" width="1322" height="217" />
    <size key="GridCell.Tab.0.center.0.0.1366.768" width="1322" height="217" />
    <size key="GridCell.Tab.0.right.0.0.1366.768" width="1322" height="217" />
    <size key="GridCell.Tab.0.bottom.0.0.1366.768" width="1322" height="217" />
    <size key="#com.intellij.execution.impl.EditConfigurationsDialog.0.0.1366.768" width="1092" height="806" />
    <size key="GridCell.Tab.0.left.0.0.1920.1080@120dpi" width="1862" height="281" />
    <size key="GridCell.Tab.0.center.0.0.1920.1080@120dpi" width="1862" height="281" />
    <size key="GridCell.Tab.0.right.0.0.1920.1080@120dpi" width="1862" height="281" />
    <size key="GridCell.Tab.0.bottom.0.0.1920.1080@120dpi" width="1862" height="281" />
    <size key="ProcessPopupWindow.0.0.1920.1080@120dpi" width="290" height="144" />
    <size key="javadoc.popup.0.0.2400.1350@120dpi" width="557" height="210" />
    <size key="GridCell.Tab.0.left.0.0.2400.1350@120dpi" width="2342" height="281" />
    <size key="GridCell.Tab.0.center.0.0.2400.1350@120dpi" width="2342" height="281" />
    <size key="GridCell.Tab.0.right.0.0.2400.1350@120dpi" width="2342" height="281" />
    <size key="GridCell.Tab.0.bottom.0.0.2400.1350@120dpi" width="2342" height="281" />
    <size key="#com.intellij.execution.impl.EditConfigurationsDialog.0.0.2400.1350@120dpi" width="1224" height="910" />
    <size key="find.popup.0.0.2400.1350@120dpi" width="948" height="816" />
    <size key="javadoc.popup.0.0.1920.1080@120dpi" width="557" height="210" />
    <size key="find.popup.0.0.1920.1080@120dpi" width="949" height="816" />
    <size key="SettingsEditor.0.0.1920.1080@120dpi" width="1316" height="872" />
    <size key="GridCell.Tab.1.left.0.0.1920.1080@120dpi" width="1862" height="309" />
    <size key="GridCell.Tab.1.center.0.0.1920.1080@120dpi" width="1862" height="309" />
    <size key="GridCell.Tab.1.right.0.0.1920.1080@120dpi" width="1862" height="309" />
    <size key="GridCell.Tab.1.bottom.0.0.1920.1080@120dpi" width="1862" height="309" />
    <size key="GridCell.Tab.0.left.0.0.2400.1500@120dpi" width="2342" height="363" />
    <size key="GridCell.Tab.0.center.0.0.2400.1500@120dpi" width="2342" height="363" />
    <size key="GridCell.Tab.0.right.0.0.2400.1500@120dpi" width="2342" height="363" />
    <size key="GridCell.Tab.0.bottom.0.0.2400.1500@120dpi" width="2342" height="363" />
    <size key="javadoc.popup.0.0.2400.1500@120dpi" width="557" height="210" />
    <size key="find.popup.0.0.2400.1500@120dpi" width="948" height="816" />
    <size key="GridCell.Tab.0.left.0.0.1600.900@120dpi" width="1542" height="281" />
    <size key="GridCell.Tab.0.center.0.0.1600.900@120dpi" width="1542" height="281" />
    <size key="GridCell.Tab.0.right.0.0.1600.900@120dpi" width="1542" height="281" />
    <size key="GridCell.Tab.0.bottom.0.0.1600.900@120dpi" width="1542" height="281" />
    <size key="GridCell.Tab.1.left.0.0.1600.900@120dpi" width="1862" height="311" />
    <size key="GridCell.Tab.1.center.0.0.1600.900@120dpi" width="1862" height="311" />
    <size key="GridCell.Tab.1.right.0.0.1600.900@120dpi" width="1862" height="311" />
    <size key="GridCell.Tab.1.bottom.0.0.1600.900@120dpi" width="1862" height="311" />
    <size key="#com.intellij.execution.impl.EditConfigurationsDialog.0.0.1920.1080@120dpi" width="1211" height="866" />
    <size key="GridCell.Tab.0.left.0.0.1536.864@120dpi" width="1864" height="337" />
    <size key="GridCell.Tab.0.center.0.0.1536.864@120dpi" width="1864" height="337" />
    <size key="GridCell.Tab.0.right.0.0.1536.864@120dpi" width="1864" height="337" />
    <size key="GridCell.Tab.0.bottom.0.0.1536.864@120dpi" width="1864" height="337" />
    <size key="GridCell.Tab.0.left.0.0.2304.1296@144dpi" width="2234" height="467" />
    <size key="GridCell.Tab.0.center.0.0.2304.1296@144dpi" width="2234" height="467" />
    <size key="GridCell.Tab.0.right.0.0.2304.1296@144dpi" width="2234" height="467" />
    <size key="GridCell.Tab.0.bottom.0.0.2304.1296@144dpi" width="2234" height="467" />
    <size key="javadoc.popup.0.0.2304.1296@144dpi" width="670" height="257" />
    <size key="GridCell.Tab.0.left.0.0.2880.1800@144dpi" width="2810" height="366" />
    <size key="GridCell.Tab.0.center.0.0.2880.1800@144dpi" width="2810" height="366" />
    <size key="GridCell.Tab.0.right.0.0.2880.1800@144dpi" width="2810" height="366" />
    <size key="GridCell.Tab.0.bottom.0.0.2880.1800@144dpi" width="2810" height="366" />
    <size key="javadoc.popup.0.0.2880.1800@144dpi" width="670" height="257" />
    <size key="GridCell.Tab.0.left.0.0.1920.1080@144dpi" width="1850" height="238" />
    <size key="GridCell.Tab.0.center.0.0.1920.1080@144dpi" width="1850" height="238" />
    <size key="GridCell.Tab.0.right.0.0.1920.1080@144dpi" width="1850" height="238" />
    <size key="GridCell.Tab.0.bottom.0.0.1920.1080@144dpi" width="1850" height="238" />
    <size key="javadoc.popup.0.0.1920.1080@144dpi" width="670" height="257" />
    <size key="#com.intellij.execution.impl.EditConfigurationsDialog.0.0.1920.1080@144dpi" width="1190" height="803" />
    <size key="GridCell.Tab.1.left.0.0.2304.1296@144dpi" width="2234" height="467" />
    <size key="GridCell.Tab.1.center.0.0.2304.1296@144dpi" width="2234" height="467" />
    <size key="GridCell.Tab.1.right.0.0.2304.1296@144dpi" width="2234" height="467" />
    <size key="GridCell.Tab.1.bottom.0.0.2304.1296@144dpi" width="2234" height="467" />
    <size key="find.popup.0.0.2880.1800@144dpi" width="1139" height="966" />
    <size key="GridCell.Tab.1.left.0.0.1920.1080@144dpi" width="2234" height="373" />
    <size key="GridCell.Tab.1.center.0.0.1920.1080@144dpi" width="2234" height="373" />
    <size key="GridCell.Tab.1.right.0.0.1920.1080@144dpi" width="2234" height="373" />
    <size key="GridCell.Tab.1.bottom.0.0.1920.1080@144dpi" width="2234" height="373" />
    <size key="find.popup.0.0.2304.1296@144dpi" width="1139" height="966" />
    <size key="SettingsEditor.0.0.2304.1296@144dpi" width="1545" height="1044" />
    <size key="ProcessPopupWindow.0.0.2304.1296@144dpi" width="810" height="270" />
    <size key="#com.intellij.execution.impl.EditConfigurationsDialog.0.0.2304.1296@144dpi" width="1099" height="992" />
    <size key="#xdebugger.evaluate.0.0.2304.1296@144dpi" width="1873" height="559" />
    <size key="#xdebugger.evaluate.0.0.1920.1080@120dpi" width="1237" height="514" />
    <size key="javadoc.popup.0.0.1920.1200@120dpi" width="557" height="214" />
    <size key="GridCell.Tab.0.left.0.0.1920.1200@120dpi" width="1862" height="302" />
    <size key="GridCell.Tab.0.center.0.0.1920.1200@120dpi" width="1862" height="302" />
    <size key="GridCell.Tab.0.right.0.0.1920.1200@120dpi" width="1862" height="302" />
    <size key="GridCell.Tab.0.bottom.0.0.1920.1200@120dpi" width="1862" height="302" />
    <size key="GridCell.Tab.0.left.0.0.1536.960" width="1492" height="200" />
    <size key="GridCell.Tab.0.center.0.0.1536.960" width="1492" height="200" />
    <size key="GridCell.Tab.0.right.0.0.1536.960" width="1492" height="200" />
    <size key="GridCell.Tab.0.bottom.0.0.1536.960" width="1492" height="200" />
    <size key="GridCell.Tab.0.left.0.0.1536.864" width="1236" height="301" />
    <size key="GridCell.Tab.0.center.0.0.1536.864" width="1236" height="301" />
    <size key="GridCell.Tab.0.right.0.0.1536.864" width="1236" height="301" />
    <size key="GridCell.Tab.0.bottom.0.0.1536.864" width="1236" height="301" />
    <size key="javadoc.popup.0.0.1536.864" width="446" height="170" />
    <size key="GridCell.Tab.1.left.0.0.1536.864" width="1492" height="247" />
    <size key="GridCell.Tab.1.center.0.0.1536.864" width="1492" height="247" />
    <size key="GridCell.Tab.1.right.0.0.1536.864" width="1492" height="247" />
    <size key="GridCell.Tab.1.bottom.0.0.1536.864" width="1492" height="247" />
    <size key="new project wizard.0.0.1536.960" width="605" height="591" />
    <size key="javadoc.popup.1280.0.1280.720" width="446" height="170" />
    <size key="GridCell.Tab.0.left.1280.0.1280.720" width="1236" height="117" />
    <size key="GridCell.Tab.0.center.1280.0.1280.720" width="1236" height="117" />
    <size key="GridCell.Tab.0.right.1280.0.1280.720" width="1236" height="117" />
    <size key="GridCell.Tab.0.bottom.1280.0.1280.720" width="1236" height="117" />
    <size key="GridCell.Tab.0.left.1536.0.1536.864" width="1492" height="192" />
    <size key="GridCell.Tab.0.center.1536.0.1536.864" width="1492" height="192" />
    <size key="GridCell.Tab.0.right.1536.0.1536.864" width="1492" height="192" />
    <size key="GridCell.Tab.0.bottom.1536.0.1536.864" width="1492" height="192" />
    <size key="javadoc.popup.1536.0.1536.864" width="446" height="170" />
    <size key="GridCell.Tab.0.left.0.0.1280.720" width="1236" height="200" />
    <size key="GridCell.Tab.0.center.0.0.1280.720" width="1236" height="200" />
    <size key="GridCell.Tab.0.right.0.0.1280.720" width="1236" height="200" />
    <size key="GridCell.Tab.0.bottom.0.0.1280.720" width="1236" height="200" />
    <size key="new project wizard.0.0.1536.864" width="605" height="481" />
    <size key="SettingsEditor.0.0.1536.864" width="989" height="546" />
    <size key="#com.intellij.execution.impl.EditConfigurationsDialog.0.0.1536.864" width="985" height="747" />
    <size key="javadoc.popup.0.0.1536.960" width="446" height="170" />
    <size key="javadoc.popup.0.0.1600.900@120dpi" width="557" height="214" />
    <size key="javadoc.popup.0.0.2560.1440" width="600" height="424" />
    <size key="search.everywhere.popup.0.0.2560.1440" width="672" height="678" />
    <size key="GridCell.Tab.0.left.0.0.2560.1440" width="2517" height="589" />
    <size key="GridCell.Tab.0.center.0.0.2560.1440" width="2517" height="589" />
    <size key="GridCell.Tab.0.right.0.0.2560.1440" width="2517" height="589" />
    <size key="GridCell.Tab.0.bottom.0.0.2560.1440" width="2517" height="589" />
    <size key="GridCell.Tab.1.left.0.0.2560.1440" width="2517" height="482" />
    <size key="GridCell.Tab.1.center.0.0.2560.1440" width="2517" height="482" />
    <size key="GridCell.Tab.1.right.0.0.2560.1440" width="2517" height="482" />
    <size key="GridCell.Tab.1.bottom.0.0.2560.1440" width="2517" height="482" />
    <size key="FileChooserDialogImpl.0.0.2560.1440" width="440" height="499" />
    <size key="#com.intellij.refactoring.move.moveClassesOrPackages.MoveClassesOrPackagesDialog.classes.0.0.2560.1440" width="408" height="291" />
    <size key="GridCell.Tab.0.left.-1920.682.1536.864" width="1493" height="643" />
    <size key="GridCell.Tab.0.center.-1920.682.1536.864" width="1493" height="643" />
    <size key="GridCell.Tab.0.right.-1920.682.1536.864" width="1493" height="643" />
    <size key="GridCell.Tab.0.bottom.-1920.682.1536.864" width="1493" height="643" />
    <size key="find.popup.0.0.2560.1440" width="1192" height="897" />
    <size key="ProcessPopupWindow.0.0.2560.1440" width="400" height="328" />
  </component>
</application>