<application>
  <component name="FeatureUsageStatistics" first-run="1470732206426" have-been-shown="false" show-in-other="true" show-in-compilation="true">
    <feature id="editing.completion.smarttype.afternew" count="0" last-shown="0" last-used="0" shown-count="0" />
    <feature id="editing.completion.camelHumps" count="65" last-shown="0" last-used="1511266964479" shown-count="0" />
    <feature id="editing.completion.second.smarttype.aslist" count="0" last-shown="0" last-used="0" shown-count="0" />
    <feature id="codeassists.surroundwith.statement" count="0" last-shown="0" last-used="0" shown-count="0" />
    <feature id="refactoring.rename" count="161" last-shown="0" last-used="1511523206786" shown-count="0" />
    <feature id="navigation.popup.action" count="1" last-shown="0" last-used="1503503165773" shown-count="0" />
    <feature id="editing.completion.cancelByControlArrows" count="2" last-shown="0" last-used="1497384800819" shown-count="0" />
    <feature id="editing.completion.finishBySmartEnter" count="0" last-shown="1518188482502" last-used="0" shown-count="1594" />
    <feature id="navigation.popup.symbol" count="0" last-shown="0" last-used="0" shown-count="0" />
    <feature id="find.recent.search" count="2" last-shown="0" last-used="1500492333575" shown-count="0" />
    <feature id="editing.completion.replace" count="24" last-shown="1518190814898" last-used="1511266964479" shown-count="29899" />
    <feature id="switcher" count="0" last-shown="0" last-used="0" shown-count="0" />
    <feature id="codeassists.complete.statement" count="0" last-shown="0" last-used="0" shown-count="0" />
    <feature id="navigation.goto.inspection" count="0" last-shown="0" last-used="0" shown-count="0" />
    <feature id="editing.completion.variable.name" count="19029" last-shown="0" last-used="1517433841811" shown-count="0" />
    <feature id="navigation.popup.file" count="0" last-shown="0" last-used="0" shown-count="0" />
    <feature id="codeassists.overrideimplement" count="33" last-shown="0" last-used="1513286564824" shown-count="0" />
    <feature id="editing.completion.smarttype.casting" count="9" last-shown="0" last-used="1505838426096" shown-count="0" />
    <feature id="navigation.popup.wildcards" count="0" last-shown="0" last-used="0" shown-count="0" />
    <feature id="refactoring.introduceVariable" count="0" last-shown="0" last-used="0" shown-count="0" />
    <feature id="codeassists.javadoc.external" count="0" last-shown="0" last-used="0" shown-count="0" />
    <feature id="codeassists.surroundwith.expression" count="0" last-shown="0" last-used="0" shown-count="0" />
    <feature id="navigation.recent.files" count="3" last-shown="0" last-used="1499772088969" shown-count="0" />
    <feature id="navigation.goto.declaration" count="1225" last-shown="0" last-used="1518541133569" shown-count="0" />
    <feature id="scratch" count="0" last-shown="0" last-used="0" shown-count="0" />
    <feature id="editing.completion.finishByDotEtc" count="28" last-shown="1518188482502" last-used="1511481472565" shown-count="889" />
    <feature id="navigation.goto.implementation" count="1" last-shown="0" last-used="1484602047011" shown-count="0" />
    <feature id="refactoring.move.moveInner" count="0" last-shown="0" last-used="0" shown-count="0" />
    <feature id="editing.completion.finishByCtrlDot" count="0" last-shown="0" last-used="0" shown-count="0" />
    <feature id="navigation.select.in" count="0" last-shown="0" last-used="0" shown-count="0" />
    <feature id="editing.completion.global.member.name" count="1" last-shown="1517434049098" last-used="1475244629517" shown-count="541" />
    <feature id="editing.completion.finishByExclamation" count="1" last-shown="0" last-used="1503328692601" shown-count="0" />
    <feature id="ui.tree.speedsearch" count="6" last-shown="0" last-used="1502902386968" shown-count="0" />
    <feature id="ui.horizontal.scrolling" count="0" last-shown="0" last-used="0" shown-count="0" />
    <feature id="refactoring.copyClass" count="28" last-shown="0" last-used="1511523173902" shown-count="0" />
    <feature id="move.element.left.right" count="0" last-shown="0" last-used="0" shown-count="0" />
    <feature id="jar.diff" count="0" last-shown="0" last-used="0" shown-count="0" />
    <feature id="codeassists.comment.line" count="851" last-shown="0" last-used="1518188386290" shown-count="0" />
    <feature id="codeassists.highlight.return" count="0" last-shown="0" last-used="0" shown-count="0" />
    <feature id="editing.completion.second.smarttype.chain" count="0" last-shown="0" last-used="0" shown-count="0" />
    <feature id="ant.quickfix.CreateProperty" count="0" last-shown="0" last-used="0" shown-count="0" />
    <feature id="editing.completion.second.smarttype.toar" count="0" last-shown="0" last-used="0" shown-count="0" />
    <feature id="navigation.popup.camelprefix" count="0" last-shown="0" last-used="0" shown-count="0" />
    <feature id="SearchEverywhere" count="31" last-shown="0" last-used="1517433426295" shown-count="0" />
    <feature id="navigation.popup.class" count="0" last-shown="0" last-used="0" shown-count="0" />
    <feature id="editor.delete.line" count="13" last-shown="0" last-used="1509107205600" shown-count="0" />
    <feature id="codeassists.highlight.throws" count="503" last-shown="0" last-used="1518541034841" shown-count="0" />
    <feature id="codeassists.quickdefinition" count="0" last-shown="1518188482503" last-used="0" shown-count="1594" />
    <feature id="find.completion" count="0" last-shown="0" last-used="0" shown-count="0" />
    <feature id="editing.completion.basic" count="10619" last-shown="0" last-used="1518190812727" shown-count="0" />
    <feature id="tag.name.completion" count="0" last-shown="0" last-used="0" shown-count="0" />
    <feature id="editing.completion.second.smarttype.array.member" count="0" last-shown="0" last-used="0" shown-count="0" />
    <feature id="editing.completion.postfix" count="5" last-shown="0" last-used="1507837634728" shown-count="0" />
    <feature id="refactoring.introduceVariable.incompleteStatement" count="0" last-shown="0" last-used="0" shown-count="0" />
    <feature id="dir.diff" count="0" last-shown="0" last-used="0" shown-count="0" />
    <feature id="editing.select.word" count="13243" last-shown="0" last-used="1517435858627" shown-count="0" />
    <feature id="editing.add.carets.using.double.ctrl" count="0" last-shown="0" last-used="0" shown-count="0" />
    <feature id="codeassists.quickjavadoc.lookup" count="0" last-shown="1477075874352" last-used="0" shown-count="50" />
    <feature id="ui.scheme.quickswitch" count="0" last-shown="0" last-used="0" shown-count="0" />
    <feature id="codeassists.highlight.implements" count="0" last-shown="0" last-used="0" shown-count="0" />
    <feature id="editing.completion.smarttype.general" count="0" last-shown="1518190814753" last-used="0" shown-count="10299" />
    <feature id="navigation.popup.file.structure" count="0" last-shown="0" last-used="0" shown-count="0" />
    <feature id="ant.quickfix.CreateTarget" count="0" last-shown="0" last-used="0" shown-count="0" />
    <feature id="codeassists.quickjavadoc.ctrln" count="0" last-shown="0" last-used="0" shown-count="0" />
    <feature id="navigation.goto.usages" count="0" last-shown="0" last-used="0" shown-count="0" />
    <feature id="codeassists.comment.block" count="3" last-shown="0" last-used="1502948984513" shown-count="0" />
    <feature id="codeassists.quickjavadoc" count="3" last-shown="1518188482503" last-used="1476374397477" shown-count="1544" />
    <feature id="ui.recentchanges" count="0" last-shown="0" last-used="0" shown-count="0" />
    <feature id="editing.completion.second.basic" count="106" last-shown="0" last-used="1511957241672" shown-count="0" />
    <feature id="editing.completion.changeSorting" count="0" last-shown="0" last-used="0" shown-count="0" />
    <feature id="codeassists.quickdefinition.lookup" count="0" last-shown="0" last-used="0" shown-count="0" />
    <completionStatsTag>
      <option name="sparedCharacters" value="50335" />
      <option name="invocations" value="6642" />
      <option name="startDate" value="1470693600000" />
      <option name="dayCount" value="150" />
      <option name="lastDate" value="1518130800000" />
    </completionStatsTag>
    <fixesStatsTag>
      <option name="invocations" value="101" />
      <option name="startDate" value="1470693600000" />
      <option name="dayCount" value="33" />
      <option name="lastDate" value="1517353200000" />
    </fixesStatsTag>
  </component>
</application>