<application>
  <component name="FindRecents">
    <findStrings>
      <find>GridBehavior</find>
      <find>time</find>
      <find>dashboard.item1.link=</find>
      <find>comp</find>
      <find>config</find>
      <find>mvc</find>
      <find>version</find>
      <find>entityManagerFactory</find>
      <find>MappingJacksonJsonView</find>
      <find>springframework.version</find>
      <find>vcint</find>
      <find>com.vcint.tta</find>
      <find>com.betvictor.sportsbook.translation.manager.tta</find>
      <find>versionNumber</find>
      <find>coherence</find>
      <find>coheren</find>
      <find>registerEndpoint</find>
      <find>get/cas</find>
      <find>started</find>
      <find>cas</find>
      <find>yolo</find>
      <find>${appinfo[0].additional)</find>
      <find>System</find>
      <find>info.build.version</find>
      <find>bv-</find>
      <find>currentmark</find>
      <find>app-</find>
      <find>json</find>
      <find>tomcat</find>
      <find>org.json</find>
    </findStrings>
    <replaceStrings>
      <replace>com.betvictor.sportsbook.translation.manager.tta</replace>
    </replaceStrings>
    <dirStrings>
      <dir>C:\WorkspaceSpring\translation-manager-orig</dir>
      <dir>C:\WorkspaceSpring\cashout-action\cashout-action-webservice\src\main\webapp</dir>
      <dir>C:\WorkspaceSpring\translation-tools-boot\src\main\resources</dir>
      <dir>C:\WorkspaceSpring\translation-tools-boot</dir>
      <dir>C:\WorkspaceSpring\pushgateway</dir>
      <dir>C:\WorkspaceSpring\dashboard</dir>
      <dir>C:\WorkspaceSpring\market-and-outcomes</dir>
    </dirStrings>
  </component>
</application>