<application>
  <component name="GrepConsole">
    <option name="profiles">
      <list>
        <Profile>
          <option name="defaultProfile" value="true" />
          <option name="grepExpressionGroups">
            <list>
              <GrepExpressionGroup>
                <option name="grepExpressionItems">
                  <list>
                    <GrepExpressionItem>
                      <option name="grepExpression" value=".*FATAL.*" />
                      <option name="id" value="2f7ee545-b606-4568-a2ca-7b9cc33d393c" />
                      <option name="style">
                        <GrepStyle>
                          <option name="backgroundColor">
                            <GrepColor>
                              <option name="color" value="-39836" />
                              <option name="enabled" value="true" />
                            </GrepColor>
                          </option>
                          <option name="bold" value="true" />
                          <option name="foregroundColor">
                            <GrepColor>
                              <option name="enabled" value="true" />
                            </GrepColor>
                          </option>
                          <option name="id" value="40b03786-183f-4c9d-9576-16a101e9c077" />
                        </GrepStyle>
                      </option>
                    </GrepExpressionItem>
                    <GrepExpressionItem>
                      <option name="grepExpression" value=".*ERROR.*" />
                      <option name="id" value="1f5dac60-e9c6-40c6-aab6-279b91dc31de" />
                      <option name="style">
                        <GrepStyle>
                          <option name="backgroundColor">
                            <GrepColor>
                              <option name="color" value="-6329600" />
                              <option name="enabled" value="true" />
                            </GrepColor>
                          </option>
                          <option name="foregroundColor">
                            <GrepColor>
                              <option name="enabled" value="true" />
                            </GrepColor>
                          </option>
                          <option name="id" value="a1d93b57-0576-45a7-b2a6-4ad6c4cc68c9" />
                        </GrepStyle>
                      </option>
                    </GrepExpressionItem>
                    <GrepExpressionItem>
                      <option name="grepExpression" value=".*WARN.*" />
                      <option name="id" value="529fa220-e6cf-4b26-b52c-2bf7fa50de61" />
                      <option name="style">
                        <GrepStyle>
                          <option name="backgroundColor">
                            <GrepColor>
                              <option name="color" value="-7697920" />
                              <option name="enabled" value="true" />
                            </GrepColor>
                          </option>
                          <option name="foregroundColor">
                            <GrepColor>
                              <option name="enabled" value="true" />
                            </GrepColor>
                          </option>
                          <option name="id" value="3da38e0c-300d-47c6-b500-36e5eea28bbe" />
                        </GrepStyle>
                      </option>
                    </GrepExpressionItem>
                    <GrepExpressionItem>
                      <option name="grepExpression" value=".*DEBUG.*" />
                      <option name="id" value="b8737126-98f7-408a-ba41-193caa734261" />
                      <option name="style">
                        <GrepStyle>
                          <option name="foregroundColor">
                            <GrepColor>
                              <option name="color" value="-8355712" />
                              <option name="enabled" value="true" />
                            </GrepColor>
                          </option>
                          <option name="id" value="d871d5ff-11ed-44cb-bde8-f1659ca16cbd" />
                        </GrepStyle>
                      </option>
                    </GrepExpressionItem>
                    <GrepExpressionItem>
                      <option name="grepExpression" value=".*TRACE.*" />
                      <option name="id" value="f0c6eff4-106a-48f2-bf68-c40ce58879e8" />
                      <option name="style">
                        <GrepStyle>
                          <option name="foregroundColor">
                            <GrepColor>
                              <option name="enabled" value="true" />
                            </GrepColor>
                          </option>
                          <option name="id" value="cf67d86c-96fa-46c8-a16f-6562fdb04017" />
                        </GrepStyle>
                      </option>
                    </GrepExpressionItem>
                  </list>
                </option>
                <option name="name" value="default" />
              </GrepExpressionGroup>
            </list>
          </option>
          <option name="id" value="1498045438568" />
        </Profile>
      </list>
    </option>
  </component>
</application>