<application>
  <component name="AppInspectionProfilesVisibleTreeState">
    <entry key="Default">
      <profile-state>
        <expanded-state>
          <State>
            <id />
          </State>
          <State>
            <id>GeneralJavaScript</id>
          </State>
          <State>
            <id>JavaScript</id>
          </State>
        </expanded-state>
        <selected-state>
          <State>
            <id>JSUnfilteredForInLoop</id>
          </State>
        </selected-state>
      </profile-state>
    </entry>
  </component>
  <component name="PropertiesComponent">
    <property name="ColorChooser.RecentColors" value="34-34-34-255,,,42-42-42-255,,,40-40-40-255,,,37-37-37-255,,,153-96-69-255,,,153-51-0-255,,,0-0-0-255,,,153-101-84-255,,,194-194-194-255,,,242-242-242-255,,,76-76-76-255,,,51-51-51-255,,,238-253-255-255,,,240-142-255-255,,,170-170-170-255,,,244-244-255-255,,,68-68-68-255,,,85-85-85-255,,,10-180-0-255,,,183-127-219-255" />
    <property name="CommitChangeListDialog.DETAILS_SPLITTER_PROPORTION_2" value="0.61343014" />
    <property name="Copy.OpenInEditor" value="true" />
    <property name="DeploymentNotificationsComponent.WarnDisplayed.Java7&amp;Windows7FTPIssue" value="true" />
    <property name="ExpandBeforeRunStepsPanel" value="true" />
    <property name="ExpandRunDashboardTypesPanel" value="false" />
    <property name="FileTemplates.SelectedTemplate" value="HTML File" />
    <property name="FindSplitterProportion" value="0.25276595" />
    <property name="FrameworksFinderRecursivePanel[0]" value="0.10851872" />
    <property name="IJ_BASE_PACKAGE" value="com.company" />
    <property name="INSPECTION_FILTER_HISTORY" value="access&#10;used&#10;string conca&#10;return value is never&#10;declaration access&#10;never used&#10;access can be private&#10;typo&#10;templa&#10;template" />
    <property name="INTENTION_FILTER_HISTORY" value="spelling" />
    <property name="InstalledPluginsSearchHistory" value="flutter&#10;flutt&#10;flut&#10;flu&#10;fl" />
    <property name="JUnit.Splitter.Proportion" value="0.12802199" />
    <property name="JUnitSupport.hidePassedTests" value="false" />
    <property name="KEYMAP" value="ż&#10;next occ&#10;find&#10;replace" />
    <property name="MarketplacePluginsSearchHistory" value="flutter&#10;powe&#10;power&#10;powerm" />
    <property name="MavenModuleWizard.inheritGroupId" value="true" />
    <property name="MavenModuleWizard.inheritVersion" value="true" />
    <property name="MemberChooser.copyJavadoc" value="false" />
    <property name="MemberChooser.showClasses" value="true" />
    <property name="PLUGIN_FILTER" value="grep&#10;con&#10;cucumber" />
    <property name="ProjectStructure.TopLevelElements" value="0.1539924" />
    <property name="SettingsSearchHistory" value="pl&#10;plug&#10;maven&#10;java&#10;jdk" />
    <property name="SingleInspectionProfilePanel.VERTICAL_DIVIDER_PROPORTION" value="0.68285716" />
    <property name="SpringBeansModulesPanel[0]" value="0.10851872" />
    <property name="TestNGSupport.hideConfig" value="true" />
    <property name="TestNGSupport.hidePassedTests" value="false" />
    <property name="android-component-compatibility-check" value="1517068516293" />
    <property name="build.toolwindow.Sync.selection.state" value="com.intellij.build.BuildTreeConsoleView" />
    <property name="build.toolwindow.run.selection.state" value="com.intellij.build.BuildTreeConsoleView" />
    <property name="com.intellij.openapi.roots.ui.configuration.TabbedModuleEditor.selectedEditor" value="Sources" />
    <property name="create.project.preferred.importer" value="Maven" />
    <property name="decompiler.legal.notice.accepted" value="true" />
    <property name="defaultJdkConfigured" value="true" />
    <property name="evlsprt3.162" value="11" />
    <property name="evlsprt3.163" value="12" />
    <property name="file.chooser.recent.files" value="D:/Workspace/RobotTest&#10;D:/Legacy Bosch/WorkspacePKCV/aepkcv-apitest&#10;D:/Workspace/Donald&#10;D:/Workspace/LogCreator&#10;D:/Workspace/TestFactory3&#10;D:/Workspace/FireStarterTests&#10;D:/Workspace/LiquidTest&#10;D:/Workspace/Horizon&#10;D:/Workspace/STT-E2E/src/test/resources/plusnet/stt/e2e/engine/ExpressionsTest.feature&#10;D:/Legacy Bosch/WorkspacePKCV/aepkcv-test&#10;D:/KIR Legacy/WorkspacePSD2/PSD2TPPConnTest&#10;D:/KIR Legacy/WorkspacePSD2/CertificationTool&#10;D:/KIR Legacy/WorkspacePSD2/MockASPSP&#10;C:/Program Files/Java/jdk1.8.0_181&#10;D:/Workspace/SeleniumTest&#10;D:/KIR Legacy/Workspace/PDFTools&#10;D:/KIR Legacy/Workspace/GetResponse&#10;D:/KIR Legacy/WorkspacePSD2/PSD2ConnTestPublic&#10;D:/Workspace&#10;C:/Program Files/Java/jdk-11.0.1&#10;D:/WorktestRaiff/PhantomStart&#10;D:/WorktestRaiff/phantomstart&#10;D:/WorkspaceIDEA/LiquidTest&#10;D:/WorkspaceMobilny/MobileTest2&#10;D:/WorkspaceMobilny/MobileTest2/pom.xml&#10;D:/WorkspaceSzkolenie/cib-automation&#10;D:/WorkspaceSzkolenie/szkolenieselenium&#10;C:/Program Files/Maven&#10;C:/Program Files/Maven/bin&#10;D:/WorkspaceSzkolenie/ProjektSzkolenie" />
    <property name="file.gist.reindex.count" value="6734" />
    <property name="fileTypeChangedCounter" value="10" />
    <property name="ide.memory.adjusted" value="true" />
    <property name="installed.kotlin.plugin.version" value="1.3.41-release-IJ2019.2-1" />
    <property name="io.flutter.analytics.toastShown" value="true" />
    <property name="io.flutter.console.preferencesSet" value="true" />
    <property name="jdk.selected.JAVA_MODULE" value="1.8" />
    <property name="kotlin.plugin.releaseDate" value="1.3.41-release-IJ2019.2-1:2019-07-03" />
    <property name="last.imported.location" value="C:/WorkspaceSpring/translation-tools-boot" />
    <property name="lastTip" value="1" />
    <property name="packagesearch.endpoint.url.fulltext" value="https://package-search.services.jetbrains.com/api/search/idea/fulltext" />
    <property name="packagesearch.endpoint.url.suggest" value="https://package-search.services.jetbrains.com/api/search/idea/suggest" />
    <property name="packagesearch.status.updated.ts" value="1614262741206" />
    <property name="project.wizard.group" value="org.jetbrains.idea.maven.wizards.MavenModuleBuilder" />
    <property name="project.wizard.template" value="Maven" />
    <property name="selected.color.option.type" value="CONSOLE_MAGENTA_BRIGHT_OUTPUT" />
    <property name="settings.code.style.selected.tab.JAVA" value="Tabs and Indents" />
    <property name="tasks.pass.word.conversion.enforced" value="true" />
    <property name="toolwindow.stripes.buttons.info.shown" value="true" />
  </component>
</application>