<application>
  <component name="RecentProjectsManager">
    <option name="recentPaths">
      <list>
        <option value="D:/Workspace/RobotTest" />
        <option value="D:/Legacy Bosch/WorkspacePKCV/aepkcv-apitest" />
        <option value="D:/Workspace/STT-E2E" />
        <option value="D:/Workspace/Donald" />
        <option value="D:/Workspace/LiquidTest" />
        <option value="D:/Workspace/FireStarterTests" />
        <option value="D:/Workspace/LogCreator" />
        <option value="D:/Workspace/TestFactory3" />
        <option value="D:/Workspace/Horizon" />
        <option value="D:/Legacy Bosch/WorkspacePKCV/aepkcv-test" />
        <option value="D:/KIR Legacy/WorkspacePSD2/PSD2TPPConnTest" />
        <option value="D:/KIR Legacy/WorkspacePSD2/CertificationTool" />
        <option value="D:/KIR Legacy/WorkspacePSD2/MockASPSP" />
        <option value="D:/Workspace/SeleniumTest" />
        <option value="D:/KIR Legacy/Workspace/PDFTools" />
        <option value="D:/KIR Legacy/Workspace/GetResponse" />
        <option value="D:/Workspace/Yolocumber" />
        <option value="D:/KIR Legacy/WorkspacePSD2/PSD2ConnTestPublic" />
        <option value="D:/KIR Legacy/WorkspacePSD2/Donald" />
        <option value="D:/Workspace/TslManagerTest" />
        <option value="D:/WorkspaceIDEA/LiquidTest" />
        <option value="D:/WorktestRaiff/PhantomStart" />
        <option value="D:/WorkspaceSzkolenie/flowstest" />
        <option value="D:/WorkspaceSzkolenie/szkolenieselenium" />
        <option value="D:/WorkspaceMobilny/MobileTest2" />
        <option value="D:/WorkspaceSzkolenie/cib-automation" />
        <option value="D:/WorkspaceSzkolenie/ProjektSzkolenie" />
        <option value="D:/WorkspaceSzkolenie/szkoleniemaven" />
        <option value="D:/xxx/cib-automation" />
        <option value="D:/WorkspaceBV/ProjektSzkolenie" />
        <option value="D:/WorkspaceBV/translation-manager" />
        <option value="D:/WorkspaceMobilny/untitled" />
        <option value="D:/WorkspaceBV/pushgateway" />
        <option value="D:/WorktestRaiff/cib-automation" />
        <option value="D:/WorkspaceMobilny/MobileNFC" />
        <option value="D:/WorktestRaiff/capsel-automation-tests" />
        <option value="D:/WorkspaceIDEA/JobOfferCrawler" />
        <option value="D:/WorkspaceXXX/spring-boot-master" />
        <option value="D:/WorktestRaiff/web-automation-tests-framework" />
        <option value="D:/WorkspaceIDEA/Test24" />
        <option value="D:/WorkspaceIDEA/cib-automation-poc" />
        <option value="D:/WorkspaceIDEA/demo" />
        <option value="D:/WorktestRaiff/chordiant-automation-tests" />
        <option value="D:/WorkspaceSpring/Template" />
        <option value="D:/WorkspaceBV/bv-spring-boot-starter-parent" />
        <option value="D:/WorkspaceBV/spring-boot-swagger-api" />
        <option value="D:/WorktestPLC/prezentacja" />
        <option value="D:/WorkSpaceTest/FireStarterTests" />
        <option value="D:/Workspace/Example" />
        <option value="C:/Download/Icok" />
      </list>
    </option>
    <option name="openPaths">
      <list>
        <option value="D:/Workspace/RobotTest" />
      </list>
    </option>
    <option name="lastPath" value="D:/Workspace/RobotTest" />
    <option name="pid" value="" />
    <option name="additionalInfo">
      <map>
        <entry key="C:/Download/Icok">
          <value>
            <RecentProjectMetaInfo>
              <option name="build" value="IC-163.13906.18" />
              <option name="productionCode" value="IC" />
              <option name="binFolder" value="C:/Program Files (x86)/JetBrains/IntelliJ IDEA Community Edition 2016.3.5/bin" />
              <option name="projectOpenTimestamp" value="1488975427300" />
              <option name="buildTimestamp" value="1488795281679" />
            </RecentProjectMetaInfo>
          </value>
        </entry>
        <entry key="C:/Download/xxx">
          <value>
            <RecentProjectMetaInfo>
              <option name="build" value="IU-163.11103.6" />
              <option name="productionCode" value="IU" />
              <option name="binFolder" value="C:/Program Files (x86)/JetBrains/IntelliJ IDEA 2016.3/bin" />
              <option name="projectOpenTimestamp" value="1486050986306" />
              <option name="buildTimestamp" value="1484600606500" />
            </RecentProjectMetaInfo>
          </value>
        </entry>
        <entry key="$USER_HOME$/Desktop">
          <value>
            <RecentProjectMetaInfo>
              <option name="build" value="IC-192.6817.14" />
              <option name="productionCode" value="IC" />
              <option name="binFolder" value="$APPLICATION_HOME_DIR$/bin" />
              <option name="projectOpenTimestamp" value="1569618349599" />
              <option name="buildTimestamp" value="1569299986015" />
            </RecentProjectMetaInfo>
          </value>
        </entry>
        <entry key="C:/Users/pawlowskim/AppData/Local/Temp/ApiDocsController.java">
          <value>
            <RecentProjectMetaInfo>
              <option name="build" value="IU-163.7743.44" />
              <option name="productionCode" value="IU" />
              <option name="binFolder" value="C:/Program Files (x86)/JetBrains/IntelliJ IDEA 2016.3/bin" />
              <option name="projectOpenTimestamp" value="1484760038044" />
              <option name="buildTimestamp" value="1479416491285" />
            </RecentProjectMetaInfo>
          </value>
        </entry>
        <entry key="C:/WorkspaceSpring/bets-player">
          <value>
            <RecentProjectMetaInfo>
              <option name="build" value="IU-162.2032.8" />
              <option name="productionCode" value="IU" />
              <option name="binFolder" value="C:/Program Files (x86)/JetBrains/IntelliJ IDEA 2016.2.4/bin" />
              <option name="projectOpenTimestamp" value="1480085904784" />
              <option name="buildTimestamp" value="1473372000000" />
            </RecentProjectMetaInfo>
          </value>
        </entry>
        <entry key="C:/WorkspaceSpring/cashout-action">
          <value>
            <RecentProjectMetaInfo>
              <option name="build" value="IU-162.1447.26" />
              <option name="productionCode" value="IU" />
              <option name="binFolder" value="C:/Program Files (x86)/JetBrains/IntelliJ IDEA 2016.2.1/bin" />
              <option name="projectOpenTimestamp" value="1470915892970" />
              <option name="buildTimestamp" value="1470088800000" />
            </RecentProjectMetaInfo>
          </value>
        </entry>
        <entry key="C:/WorkspaceSpring/co-exec-engine">
          <value>
            <RecentProjectMetaInfo>
              <option name="build" value="IU-162.2032.8" />
              <option name="productionCode" value="IU" />
              <option name="binFolder" value="C:/Program Files (x86)/JetBrains/IntelliJ IDEA 2016.2.4/bin" />
              <option name="projectOpenTimestamp" value="1480094892450" />
              <option name="buildTimestamp" value="1473372000000" />
            </RecentProjectMetaInfo>
          </value>
        </entry>
        <entry key="C:/WorkspaceSpring/competition-editor">
          <value>
            <RecentProjectMetaInfo>
              <option name="build" value="IU-163.7743.44" />
              <option name="productionCode" value="IU" />
              <option name="binFolder" value="C:/Program Files (x86)/JetBrains/IntelliJ IDEA 2016.3/bin" />
              <option name="projectOpenTimestamp" value="1484607702597" />
              <option name="buildTimestamp" value="1479416494545" />
            </RecentProjectMetaInfo>
          </value>
        </entry>
        <entry key="C:/WorkspaceSpring/dashboard">
          <value>
            <RecentProjectMetaInfo>
              <option name="build" value="IU-163.11103.6" />
              <option name="productionCode" value="IU" />
              <option name="binFolder" value="C:/Program Files (x86)/JetBrains/IntelliJ IDEA 2016.3/bin" />
              <option name="projectOpenTimestamp" value="1485182956096" />
              <option name="buildTimestamp" value="1484600636659" />
            </RecentProjectMetaInfo>
          </value>
        </entry>
        <entry key="C:/WorkspaceSpring/instant-action">
          <value>
            <RecentProjectMetaInfo>
              <option name="build" value="IU-162.1447.26" />
              <option name="productionCode" value="IU" />
              <option name="binFolder" value="C:/Program Files (x86)/JetBrains/IntelliJ IDEA 2016.2.1/bin" />
              <option name="projectOpenTimestamp" value="1470915868248" />
              <option name="buildTimestamp" value="1470088800000" />
            </RecentProjectMetaInfo>
          </value>
        </entry>
        <entry key="C:/WorkspaceSpring/market-and-outcomes">
          <value>
            <RecentProjectMetaInfo>
              <option name="build" value="IU-162.2032.8" />
              <option name="productionCode" value="IU" />
              <option name="binFolder" value="C:/Program Files (x86)/JetBrains/IntelliJ IDEA 2016.2.4/bin" />
              <option name="projectOpenTimestamp" value="1480353297797" />
              <option name="buildTimestamp" value="1473372000000" />
            </RecentProjectMetaInfo>
          </value>
        </entry>
        <entry key="C:/WorkspaceSpring/operator-authorization">
          <value>
            <RecentProjectMetaInfo>
              <option name="build" value="IU-163.7743.44" />
              <option name="productionCode" value="IU" />
              <option name="binFolder" value="C:/Program Files (x86)/JetBrains/IntelliJ IDEA 2016.3/bin" />
              <option name="projectOpenTimestamp" value="1484607722446" />
              <option name="buildTimestamp" value="1479416494545" />
            </RecentProjectMetaInfo>
          </value>
        </entry>
        <entry key="C:/WorkspaceSpring/operator-manager">
          <value>
            <RecentProjectMetaInfo>
              <option name="build" value="IU-163.7743.44" />
              <option name="productionCode" value="IU" />
              <option name="binFolder" value="C:/Program Files (x86)/JetBrains/IntelliJ IDEA 2016.3/bin" />
              <option name="projectOpenTimestamp" value="1484589048466" />
              <option name="buildTimestamp" value="1479416494545" />
            </RecentProjectMetaInfo>
          </value>
        </entry>
        <entry key="C:/WorkspaceSpring/product-catalogue">
          <value>
            <RecentProjectMetaInfo>
              <option name="build" value="IU-162.2032.8" />
              <option name="productionCode" value="IU" />
              <option name="binFolder" value="C:/Program Files (x86)/JetBrains/IntelliJ IDEA 2016.2.4/bin" />
              <option name="projectOpenTimestamp" value="1480091094147" />
              <option name="buildTimestamp" value="1473372000000" />
            </RecentProjectMetaInfo>
          </value>
        </entry>
        <entry key="C:/WorkspaceSpring/pushgateway">
          <value>
            <RecentProjectMetaInfo>
              <option name="build" value="IU-162.2032.8" />
              <option name="productionCode" value="IU" />
              <option name="binFolder" value="C:/Program Files (x86)/JetBrains/IntelliJ IDEA 2016.2.4/bin" />
              <option name="projectOpenTimestamp" value="1480071284758" />
              <option name="buildTimestamp" value="1473372000000" />
            </RecentProjectMetaInfo>
          </value>
        </entry>
        <entry key="C:/WorkspaceSpring/pushgatewayorigin">
          <value>
            <RecentProjectMetaInfo>
              <option name="build" value="IU-162.1447.26" />
              <option name="productionCode" value="IU" />
              <option name="binFolder" value="C:/Program Files (x86)/JetBrains/IntelliJ IDEA 2016.2.1/bin" />
              <option name="projectOpenTimestamp" value="1470758058400" />
              <option name="buildTimestamp" value="1470088800000" />
            </RecentProjectMetaInfo>
          </value>
        </entry>
        <entry key="C:/WorkspaceSpring/scoreboard-service">
          <value>
            <RecentProjectMetaInfo>
              <option name="build" value="IU-162.2032.8" />
              <option name="productionCode" value="IU" />
              <option name="binFolder" value="C:/Program Files (x86)/JetBrains/IntelliJ IDEA 2016.2.4/bin" />
              <option name="projectOpenTimestamp" value="1480084506740" />
              <option name="buildTimestamp" value="1473372000000" />
            </RecentProjectMetaInfo>
          </value>
        </entry>
        <entry key="C:/WorkspaceSpring/top-n-bets">
          <value>
            <RecentProjectMetaInfo>
              <option name="build" value="IU-162.2032.8" />
              <option name="productionCode" value="IU" />
              <option name="binFolder" value="C:/Program Files (x86)/JetBrains/IntelliJ IDEA 2016.2.4/bin" />
              <option name="projectOpenTimestamp" value="1480345151187" />
              <option name="buildTimestamp" value="1473372000000" />
            </RecentProjectMetaInfo>
          </value>
        </entry>
        <entry key="C:/WorkspaceSpring/translation-manager">
          <value>
            <RecentProjectMetaInfo>
              <option name="build" value="IU-163.12024.16" />
              <option name="productionCode" value="IU" />
              <option name="binFolder" value="C:/Program Files (x86)/JetBrains/IntelliJ IDEA 2016.3/bin" />
              <option name="projectOpenTimestamp" value="1487852113263" />
              <option name="buildTimestamp" value="1485857143945" />
            </RecentProjectMetaInfo>
          </value>
        </entry>
        <entry key="C:/WorkspaceSpring/translation-manager-new">
          <value>
            <RecentProjectMetaInfo>
              <option name="build" value="IU-162.1447.26" />
              <option name="productionCode" value="IU" />
              <option name="binFolder" value="C:/Program Files (x86)/JetBrains/IntelliJ IDEA 2016.2.1/bin" />
              <option name="projectOpenTimestamp" value="1475074742583" />
              <option name="buildTimestamp" value="1470088800000" />
            </RecentProjectMetaInfo>
          </value>
        </entry>
        <entry key="C:/WorkspaceSpring/translation-manager-orig">
          <value>
            <RecentProjectMetaInfo>
              <option name="build" value="IU-162.1447.26" />
              <option name="productionCode" value="IU" />
              <option name="binFolder" value="C:/Program Files (x86)/JetBrains/IntelliJ IDEA 2016.2.1/bin" />
              <option name="projectOpenTimestamp" value="1471948996407" />
              <option name="buildTimestamp" value="1470088800000" />
            </RecentProjectMetaInfo>
          </value>
        </entry>
        <entry key="C:/WorkspaceSpring/translation-tools">
          <value>
            <RecentProjectMetaInfo>
              <option name="build" value="IU-163.12024.16" />
              <option name="productionCode" value="IU" />
              <option name="binFolder" value="C:/Program Files (x86)/JetBrains/IntelliJ IDEA 2016.3/bin" />
              <option name="projectOpenTimestamp" value="1487851833345" />
              <option name="buildTimestamp" value="1485857143945" />
            </RecentProjectMetaInfo>
          </value>
        </entry>
        <entry key="C:/WorkspaceSpring/translation-tools-boot">
          <value>
            <RecentProjectMetaInfo>
              <option name="build" value="IU-163.11103.6" />
              <option name="productionCode" value="IU" />
              <option name="binFolder" value="C:/Program Files (x86)/JetBrains/IntelliJ IDEA 2016.3/bin" />
              <option name="projectOpenTimestamp" value="1485533266495" />
              <option name="buildTimestamp" value="1484600584844" />
            </RecentProjectMetaInfo>
          </value>
        </entry>
        <entry key="C:/WorkspaceSpring/translation-tools-new">
          <value>
            <RecentProjectMetaInfo>
              <option name="build" value="IU-162.2032.8" />
              <option name="productionCode" value="IU" />
              <option name="binFolder" value="C:/Program Files (x86)/JetBrains/IntelliJ IDEA 2016.2.4/bin" />
              <option name="projectOpenTimestamp" value="1475076548128" />
              <option name="buildTimestamp" value="1473372000000" />
            </RecentProjectMetaInfo>
          </value>
        </entry>
        <entry key="D:/KIR Legacy/Workspace/GetResponse">
          <value>
            <RecentProjectMetaInfo>
              <option name="build" value="IC-192.6817.14" />
              <option name="productionCode" value="IC" />
              <option name="binFolder" value="$APPLICATION_HOME_DIR$/bin" />
              <option name="projectOpenTimestamp" value="1603368082673" />
              <option name="buildTimestamp" value="1569299984385" />
            </RecentProjectMetaInfo>
          </value>
        </entry>
        <entry key="D:/KIR Legacy/Workspace/PDFTools">
          <value>
            <RecentProjectMetaInfo>
              <option name="build" value="IC-192.6817.14" />
              <option name="productionCode" value="IC" />
              <option name="binFolder" value="$APPLICATION_HOME_DIR$/bin" />
              <option name="projectOpenTimestamp" value="1603368084747" />
              <option name="buildTimestamp" value="1569299984385" />
            </RecentProjectMetaInfo>
          </value>
        </entry>
        <entry key="D:/KIR Legacy/WorkspacePSD2/CertificationTool">
          <value>
            <RecentProjectMetaInfo>
              <option name="build" value="IC-192.6817.14" />
              <option name="productionCode" value="IC" />
              <option name="binFolder" value="$APPLICATION_HOME_DIR$/bin" />
              <option name="projectOpenTimestamp" value="1603549276395" />
              <option name="buildTimestamp" value="1569299984385" />
            </RecentProjectMetaInfo>
          </value>
        </entry>
        <entry key="D:/KIR Legacy/WorkspacePSD2/Donald">
          <value>
            <RecentProjectMetaInfo>
              <option name="build" value="IC-192.6817.14" />
              <option name="productionCode" value="IC" />
              <option name="binFolder" value="$APPLICATION_HOME_DIR$/bin" />
              <option name="projectOpenTimestamp" value="1597352018931" />
              <option name="buildTimestamp" value="1569299945669" />
            </RecentProjectMetaInfo>
          </value>
        </entry>
        <entry key="D:/KIR Legacy/WorkspacePSD2/MockASPSP">
          <value>
            <RecentProjectMetaInfo>
              <option name="build" value="IC-192.6817.14" />
              <option name="productionCode" value="IC" />
              <option name="binFolder" value="$APPLICATION_HOME_DIR$/bin" />
              <option name="projectOpenTimestamp" value="1603548065483" />
              <option name="buildTimestamp" value="1569299984385" />
            </RecentProjectMetaInfo>
          </value>
        </entry>
        <entry key="D:/KIR Legacy/WorkspacePSD2/PSD2ConnTestPublic">
          <value>
            <RecentProjectMetaInfo>
              <option name="build" value="IC-192.6817.14" />
              <option name="productionCode" value="IC" />
              <option name="binFolder" value="$APPLICATION_HOME_DIR$/bin" />
              <option name="projectOpenTimestamp" value="1597843183661" />
              <option name="buildTimestamp" value="1569299945669" />
            </RecentProjectMetaInfo>
          </value>
        </entry>
        <entry key="D:/KIR Legacy/WorkspacePSD2/PSD2TPPConnTest">
          <value>
            <RecentProjectMetaInfo>
              <option name="build" value="IC-192.6817.14" />
              <option name="productionCode" value="IC" />
              <option name="binFolder" value="$APPLICATION_HOME_DIR$/bin" />
              <option name="projectOpenTimestamp" value="1603550208617" />
              <option name="buildTimestamp" value="1569299984385" />
            </RecentProjectMetaInfo>
          </value>
        </entry>
        <entry key="D:/Legacy Bosch/WorkspacePKCV/aepkcv-apitest">
          <value>
            <RecentProjectMetaInfo>
              <option name="build" value="IC-192.6817.14" />
              <option name="productionCode" value="IC" />
              <option name="binFolder" value="$APPLICATION_HOME_DIR$/bin" />
              <option name="projectOpenTimestamp" value="1614526334256" />
              <option name="buildTimestamp" value="1569299982447" />
            </RecentProjectMetaInfo>
          </value>
        </entry>
        <entry key="D:/Legacy Bosch/WorkspacePKCV/aepkcv-test">
          <value>
            <RecentProjectMetaInfo>
              <option name="build" value="IC-192.6817.14" />
              <option name="productionCode" value="IC" />
              <option name="binFolder" value="$APPLICATION_HOME_DIR$/bin" />
              <option name="projectOpenTimestamp" value="1606751696095" />
              <option name="buildTimestamp" value="1569299998256" />
            </RecentProjectMetaInfo>
          </value>
        </entry>
        <entry key="D:/WorkSpaceTest/FireStarterTests">
          <value>
            <RecentProjectMetaInfo>
              <option name="build" value="IC-163.13906.18" />
              <option name="productionCode" value="IC" />
              <option name="binFolder" value="C:/Program Files (x86)/JetBrains/IntelliJ IDEA Community Edition 2016.3.5/bin" />
              <option name="projectOpenTimestamp" value="1491499496083" />
              <option name="buildTimestamp" value="1488795255789" />
            </RecentProjectMetaInfo>
          </value>
        </entry>
        <entry key="D:/Workspace/Donald">
          <value>
            <RecentProjectMetaInfo>
              <option name="build" value="IC-192.6817.14" />
              <option name="productionCode" value="IC" />
              <option name="binFolder" value="$APPLICATION_HOME_DIR$/bin" />
              <option name="projectOpenTimestamp" value="1611780583859" />
              <option name="buildTimestamp" value="1569299947414" />
            </RecentProjectMetaInfo>
          </value>
        </entry>
        <entry key="D:/Workspace/Example">
          <value>
            <RecentProjectMetaInfo>
              <option name="build" value="IC-163.13906.18" />
              <option name="productionCode" value="IC" />
              <option name="binFolder" value="C:/Program Files (x86)/JetBrains/IntelliJ IDEA Community Edition 2016.3.5/bin" />
              <option name="projectOpenTimestamp" value="1491498399892" />
              <option name="buildTimestamp" value="1488795255789" />
            </RecentProjectMetaInfo>
          </value>
        </entry>
        <entry key="D:/Workspace/FireStarterTests">
          <value>
            <RecentProjectMetaInfo>
              <option name="build" value="IC-192.6817.14" />
              <option name="productionCode" value="IC" />
              <option name="binFolder" value="$APPLICATION_HOME_DIR$/bin" />
              <option name="projectOpenTimestamp" value="1608728375755" />
              <option name="buildTimestamp" value="1569299961325" />
            </RecentProjectMetaInfo>
          </value>
        </entry>
        <entry key="D:/Workspace/Horizon">
          <value>
            <RecentProjectMetaInfo>
              <option name="build" value="IC-192.6817.14" />
              <option name="productionCode" value="IC" />
              <option name="binFolder" value="$APPLICATION_HOME_DIR$/bin" />
              <option name="projectOpenTimestamp" value="1606759413641" />
              <option name="buildTimestamp" value="1569299998256" />
            </RecentProjectMetaInfo>
          </value>
        </entry>
        <entry key="D:/Workspace/LiquidTest">
          <value>
            <RecentProjectMetaInfo>
              <option name="build" value="IC-192.6817.14" />
              <option name="productionCode" value="IC" />
              <option name="binFolder" value="$APPLICATION_HOME_DIR$/bin" />
              <option name="projectOpenTimestamp" value="1608758519431" />
              <option name="buildTimestamp" value="1569299961325" />
            </RecentProjectMetaInfo>
          </value>
        </entry>
        <entry key="D:/Workspace/LogCreator">
          <value>
            <RecentProjectMetaInfo>
              <option name="build" value="IC-192.6817.14" />
              <option name="productionCode" value="IC" />
              <option name="binFolder" value="$APPLICATION_HOME_DIR$/bin" />
              <option name="projectOpenTimestamp" value="1607167838492" />
              <option name="buildTimestamp" value="1569299998256" />
            </RecentProjectMetaInfo>
          </value>
        </entry>
        <entry key="D:/Workspace/RobotTest">
          <value>
            <RecentProjectMetaInfo>
              <option name="build" value="IC-192.6817.14" />
              <option name="productionCode" value="IC" />
              <option name="binFolder" value="$APPLICATION_HOME_DIR$/bin" />
              <option name="projectOpenTimestamp" value="1614605023031" />
              <option name="buildTimestamp" value="1569299982447" />
            </RecentProjectMetaInfo>
          </value>
        </entry>
        <entry key="D:/Workspace/STT-E2E">
          <value>
            <RecentProjectMetaInfo>
              <option name="build" value="IC-192.6817.14" />
              <option name="productionCode" value="IC" />
              <option name="binFolder" value="$APPLICATION_HOME_DIR$/bin" />
              <option name="projectOpenTimestamp" value="1614262754394" />
              <option name="buildTimestamp" value="1569299996033" />
            </RecentProjectMetaInfo>
          </value>
        </entry>
        <entry key="D:/Workspace/SeleniumTest">
          <value>
            <RecentProjectMetaInfo>
              <option name="build" value="IC-192.6817.14" />
              <option name="productionCode" value="IC" />
              <option name="binFolder" value="$APPLICATION_HOME_DIR$/bin" />
              <option name="projectOpenTimestamp" value="1603553826547" />
              <option name="buildTimestamp" value="1569299984385" />
            </RecentProjectMetaInfo>
          </value>
        </entry>
        <entry key="D:/Workspace/TestFactory3">
          <value>
            <RecentProjectMetaInfo>
              <option name="build" value="IC-192.6817.14" />
              <option name="productionCode" value="IC" />
              <option name="binFolder" value="$APPLICATION_HOME_DIR$/bin" />
              <option name="projectOpenTimestamp" value="1606834840486" />
              <option name="buildTimestamp" value="1569299998256" />
            </RecentProjectMetaInfo>
          </value>
        </entry>
        <entry key="D:/Workspace/TslManagerTest">
          <value>
            <RecentProjectMetaInfo>
              <option name="build" value="IC-192.6817.14" />
              <option name="productionCode" value="IC" />
              <option name="binFolder" value="$APPLICATION_HOME_DIR$/bin" />
              <option name="projectOpenTimestamp" value="1575009579241" />
              <option name="buildTimestamp" value="1569299980412" />
            </RecentProjectMetaInfo>
          </value>
        </entry>
        <entry key="D:/Workspace/Yolocumber">
          <value>
            <RecentProjectMetaInfo>
              <option name="build" value="IC-192.6817.14" />
              <option name="productionCode" value="IC" />
              <option name="binFolder" value="$APPLICATION_HOME_DIR$/bin" />
              <option name="projectOpenTimestamp" value="1600690844906" />
              <option name="buildTimestamp" value="1569299994760" />
            </RecentProjectMetaInfo>
          </value>
        </entry>
        <entry key="D:/WorkspaceBV/ProjektSzkolenie">
          <value>
            <RecentProjectMetaInfo>
              <option name="build" value="IC-172.3968.16" />
              <option name="productionCode" value="IC" />
              <option name="binFolder" value="$APPLICATION_HOME_DIR$/bin" />
              <option name="projectOpenTimestamp" value="1511261615497" />
              <option name="buildTimestamp" value="1503354940505" />
            </RecentProjectMetaInfo>
          </value>
        </entry>
        <entry key="D:/WorkspaceBV/bv-spring-boot-starter-parent">
          <value>
            <RecentProjectMetaInfo>
              <option name="build" value="IC-171.4249.39" />
              <option name="productionCode" value="IC" />
              <option name="binFolder" value="C:/Program Files (x86)/JetBrains/IntelliJ IDEA Community Edition 2017.1/bin" />
              <option name="projectOpenTimestamp" value="1493278951119" />
              <option name="buildTimestamp" value="1493106522041" />
            </RecentProjectMetaInfo>
          </value>
        </entry>
        <entry key="D:/WorkspaceBV/pushgateway">
          <value>
            <RecentProjectMetaInfo>
              <option name="build" value="IC-172.3968.16" />
              <option name="productionCode" value="IC" />
              <option name="binFolder" value="$APPLICATION_HOME_DIR$/bin" />
              <option name="projectOpenTimestamp" value="1510317573234" />
              <option name="buildTimestamp" value="1503354940505" />
            </RecentProjectMetaInfo>
          </value>
        </entry>
        <entry key="D:/WorkspaceBV/spring-boot-swagger-api">
          <value>
            <RecentProjectMetaInfo>
              <option name="build" value="IC-171.4249.39" />
              <option name="productionCode" value="IC" />
              <option name="binFolder" value="C:/Program Files (x86)/JetBrains/IntelliJ IDEA Community Edition 2017.1/bin" />
              <option name="projectOpenTimestamp" value="1493278274759" />
              <option name="buildTimestamp" value="1493106522041" />
            </RecentProjectMetaInfo>
          </value>
        </entry>
        <entry key="D:/WorkspaceBV/translation-manager">
          <value>
            <RecentProjectMetaInfo>
              <option name="build" value="IC-172.3968.16" />
              <option name="productionCode" value="IC" />
              <option name="binFolder" value="$APPLICATION_HOME_DIR$/bin" />
              <option name="projectOpenTimestamp" value="1510673750562" />
              <option name="buildTimestamp" value="1503354940505" />
            </RecentProjectMetaInfo>
          </value>
        </entry>
        <entry key="D:/WorkspaceIDEA/JobOfferCrawler">
          <value>
            <RecentProjectMetaInfo>
              <option name="build" value="IC-172.3757.52" />
              <option name="productionCode" value="IC" />
              <option name="binFolder" value="$APPLICATION_HOME_DIR$/bin" />
              <option name="projectOpenTimestamp" value="1504060240179" />
              <option name="buildTimestamp" value="1502782831434" />
            </RecentProjectMetaInfo>
          </value>
        </entry>
        <entry key="D:/WorkspaceIDEA/LiquidTest">
          <value>
            <RecentProjectMetaInfo>
              <option name="build" value="IC-172.3968.16" />
              <option name="productionCode" value="IC" />
              <option name="binFolder" value="$APPLICATION_HOME_DIR$/bin" />
              <option name="projectOpenTimestamp" value="1519220240779" />
              <option name="buildTimestamp" value="1503354914082" />
            </RecentProjectMetaInfo>
          </value>
        </entry>
        <entry key="D:/WorkspaceIDEA/Test24">
          <value>
            <RecentProjectMetaInfo>
              <option name="build" value="IC-171.4249.39" />
              <option name="productionCode" value="IC" />
              <option name="binFolder" value="C:/Program Files (x86)/JetBrains/IntelliJ IDEA Community Edition 2017.1/bin" />
              <option name="projectOpenTimestamp" value="1503391124681" />
              <option name="buildTimestamp" value="1493106516508" />
            </RecentProjectMetaInfo>
          </value>
        </entry>
        <entry key="D:/WorkspaceIDEA/cib-automation-poc">
          <value>
            <RecentProjectMetaInfo>
              <option name="build" value="IC-171.4249.39" />
              <option name="productionCode" value="IC" />
              <option name="binFolder" value="C:/Program Files (x86)/JetBrains/IntelliJ IDEA Community Edition 2017.1/bin" />
              <option name="projectOpenTimestamp" value="1501866352471" />
              <option name="buildTimestamp" value="1493106498620" />
            </RecentProjectMetaInfo>
          </value>
        </entry>
        <entry key="D:/WorkspaceIDEA/demo">
          <value>
            <RecentProjectMetaInfo>
              <option name="build" value="IC-171.4249.39" />
              <option name="productionCode" value="IC" />
              <option name="binFolder" value="C:/Program Files (x86)/JetBrains/IntelliJ IDEA Community Edition 2017.1/bin" />
              <option name="projectOpenTimestamp" value="1498216761375" />
              <option name="buildTimestamp" value="1493106511565" />
            </RecentProjectMetaInfo>
          </value>
        </entry>
        <entry key="D:/WorkspaceIDEA/test24">
          <value>
            <RecentProjectMetaInfo>
              <option name="build" value="IC-171.4249.39" />
              <option name="productionCode" value="IC" />
              <option name="binFolder" value="C:/Program Files (x86)/JetBrains/IntelliJ IDEA Community Edition 2017.1/bin" />
              <option name="projectOpenTimestamp" value="1496745413453" />
              <option name="buildTimestamp" value="1493106494017" />
            </RecentProjectMetaInfo>
          </value>
        </entry>
        <entry key="D:/WorkspaceMobilny/MobileNFC">
          <value>
            <RecentProjectMetaInfo>
              <option name="build" value="IC-172.3968.16" />
              <option name="productionCode" value="IC" />
              <option name="binFolder" value="$APPLICATION_HOME_DIR$/bin" />
              <option name="projectOpenTimestamp" value="1505918632493" />
              <option name="buildTimestamp" value="1503354947401" />
            </RecentProjectMetaInfo>
          </value>
        </entry>
        <entry key="D:/WorkspaceMobilny/MobileTest2">
          <value>
            <RecentProjectMetaInfo>
              <option name="build" value="IC-172.3968.16" />
              <option name="productionCode" value="IC" />
              <option name="binFolder" value="$APPLICATION_HOME_DIR$/bin" />
              <option name="projectOpenTimestamp" value="1512584015325" />
              <option name="buildTimestamp" value="1503354922077" />
            </RecentProjectMetaInfo>
          </value>
        </entry>
        <entry key="D:/WorkspaceMobilny/untitled">
          <value>
            <RecentProjectMetaInfo>
              <option name="build" value="IC-172.3968.16" />
              <option name="productionCode" value="IC" />
              <option name="binFolder" value="$APPLICATION_HOME_DIR$/bin" />
              <option name="projectOpenTimestamp" value="1510318024513" />
              <option name="buildTimestamp" value="1503354940505" />
            </RecentProjectMetaInfo>
          </value>
        </entry>
        <entry key="D:/WorkspaceSpring/Template">
          <value>
            <RecentProjectMetaInfo>
              <option name="build" value="IC-171.4249.39" />
              <option name="productionCode" value="IC" />
              <option name="binFolder" value="C:/Program Files (x86)/JetBrains/IntelliJ IDEA Community Edition 2017.1/bin" />
              <option name="projectOpenTimestamp" value="1495463061415" />
              <option name="buildTimestamp" value="1493106494017" />
            </RecentProjectMetaInfo>
          </value>
        </entry>
        <entry key="D:/WorkspaceSzkolenie/ProjektSzkolenie">
          <value>
            <RecentProjectMetaInfo>
              <option name="build" value="IC-172.3968.16" />
              <option name="productionCode" value="IC" />
              <option name="binFolder" value="$APPLICATION_HOME_DIR$/bin" />
              <option name="projectOpenTimestamp" value="1511518894759" />
              <option name="buildTimestamp" value="1503354937276" />
            </RecentProjectMetaInfo>
          </value>
        </entry>
        <entry key="D:/WorkspaceSzkolenie/cib-automation">
          <value>
            <RecentProjectMetaInfo>
              <option name="build" value="IC-172.3968.16" />
              <option name="productionCode" value="IC" />
              <option name="binFolder" value="$APPLICATION_HOME_DIR$/bin" />
              <option name="projectOpenTimestamp" value="1511968460873" />
              <option name="buildTimestamp" value="1503354937276" />
            </RecentProjectMetaInfo>
          </value>
        </entry>
        <entry key="D:/WorkspaceSzkolenie/flowstest">
          <value>
            <RecentProjectMetaInfo>
              <option name="build" value="IC-172.3968.16" />
              <option name="productionCode" value="IC" />
              <option name="binFolder" value="$APPLICATION_HOME_DIR$/bin" />
              <option name="projectOpenTimestamp" value="1513285099999" />
              <option name="buildTimestamp" value="1503354950057" />
            </RecentProjectMetaInfo>
          </value>
        </entry>
        <entry key="D:/WorkspaceSzkolenie/szkoleniemaven">
          <value>
            <RecentProjectMetaInfo>
              <option name="build" value="IC-172.3968.16" />
              <option name="productionCode" value="IC" />
              <option name="binFolder" value="$APPLICATION_HOME_DIR$/bin" />
              <option name="projectOpenTimestamp" value="1511461519071" />
              <option name="buildTimestamp" value="1503354937276" />
            </RecentProjectMetaInfo>
          </value>
        </entry>
        <entry key="D:/WorkspaceSzkolenie/szkolenieselenium">
          <value>
            <RecentProjectMetaInfo>
              <option name="build" value="IC-172.3968.16" />
              <option name="productionCode" value="IC" />
              <option name="binFolder" value="$APPLICATION_HOME_DIR$/bin" />
              <option name="projectOpenTimestamp" value="1513014492407" />
              <option name="buildTimestamp" value="1503354951710" />
            </RecentProjectMetaInfo>
          </value>
        </entry>
        <entry key="D:/WorkspaceXXX/spring-boot-master">
          <value>
            <RecentProjectMetaInfo>
              <option name="build" value="IC-172.3757.52" />
              <option name="productionCode" value="IC" />
              <option name="binFolder" value="$APPLICATION_HOME_DIR$/bin" />
              <option name="projectOpenTimestamp" value="1503581316983" />
              <option name="buildTimestamp" value="1502782838511" />
            </RecentProjectMetaInfo>
          </value>
        </entry>
        <entry key="D:/WorktestPLC/prezentacja">
          <value>
            <RecentProjectMetaInfo>
              <option name="build" value="IC-171.3780.107" />
              <option name="productionCode" value="IC" />
              <option name="binFolder" value="C:/Program Files (x86)/JetBrains/IntelliJ IDEA Community Edition 2017.1/bin" />
              <option name="projectOpenTimestamp" value="1492536402903" />
              <option name="buildTimestamp" value="1490174856026" />
            </RecentProjectMetaInfo>
          </value>
        </entry>
        <entry key="D:/WorktestRaiff/PhantomStart">
          <value>
            <RecentProjectMetaInfo>
              <option name="build" value="IC-172.3968.16" />
              <option name="productionCode" value="IC" />
              <option name="binFolder" value="$APPLICATION_HOME_DIR$/bin" />
              <option name="projectOpenTimestamp" value="1519218069184" />
              <option name="buildTimestamp" value="1503354914082" />
            </RecentProjectMetaInfo>
          </value>
        </entry>
        <entry key="D:/WorktestRaiff/capsel-automation-tests">
          <value>
            <RecentProjectMetaInfo>
              <option name="build" value="IC-172.3757.52" />
              <option name="productionCode" value="IC" />
              <option name="binFolder" value="$APPLICATION_HOME_DIR$/bin" />
              <option name="projectOpenTimestamp" value="1504473990273" />
              <option name="buildTimestamp" value="1502782831434" />
            </RecentProjectMetaInfo>
          </value>
        </entry>
        <entry key="D:/WorktestRaiff/chordiant-automation-tests">
          <value>
            <RecentProjectMetaInfo>
              <option name="build" value="IC-171.4249.39" />
              <option name="productionCode" value="IC" />
              <option name="binFolder" value="C:/Program Files (x86)/JetBrains/IntelliJ IDEA Community Edition 2017.1/bin" />
              <option name="projectOpenTimestamp" value="1496748101714" />
              <option name="buildTimestamp" value="1493106494017" />
            </RecentProjectMetaInfo>
          </value>
        </entry>
        <entry key="D:/WorktestRaiff/cib-automation">
          <value>
            <RecentProjectMetaInfo>
              <option name="build" value="IC-172.3968.16" />
              <option name="productionCode" value="IC" />
              <option name="binFolder" value="$APPLICATION_HOME_DIR$/bin" />
              <option name="projectOpenTimestamp" value="1505998971544" />
              <option name="buildTimestamp" value="1503354947401" />
            </RecentProjectMetaInfo>
          </value>
        </entry>
        <entry key="D:/WorktestRaiff/phantomstart">
          <value>
            <RecentProjectMetaInfo>
              <option name="build" value="IC-172.3968.16" />
              <option name="productionCode" value="IC" />
              <option name="binFolder" value="$APPLICATION_HOME_DIR$/bin" />
              <option name="projectOpenTimestamp" value="1517431522300" />
              <option name="buildTimestamp" value="1503354914082" />
            </RecentProjectMetaInfo>
          </value>
        </entry>
        <entry key="D:/WorktestRaiff/web-automation-tests-framework">
          <value>
            <RecentProjectMetaInfo>
              <option name="build" value="IC-171.4249.39" />
              <option name="productionCode" value="IC" />
              <option name="binFolder" value="C:/Program Files (x86)/JetBrains/IntelliJ IDEA Community Edition 2017.1/bin" />
              <option name="projectOpenTimestamp" value="1503421768938" />
              <option name="buildTimestamp" value="1493106516508" />
            </RecentProjectMetaInfo>
          </value>
        </entry>
        <entry key="D:/xxx/cib-automation">
          <value>
            <RecentProjectMetaInfo>
              <option name="build" value="IC-172.3968.16" />
              <option name="productionCode" value="IC" />
              <option name="binFolder" value="$APPLICATION_HOME_DIR$/bin" />
              <option name="projectOpenTimestamp" value="1511294444173" />
              <option name="buildTimestamp" value="1503354940505" />
            </RecentProjectMetaInfo>
          </value>
        </entry>
      </map>
    </option>
    <option name="lastProjectLocation" value="D:/Workspace" />
  </component>
</application>