<application>
  <component name="RunnerLayoutSettings">
    <runner id="JavaRunner">
      <ViewImpl>
        <option name="ID" value="ConsoleContent" />
        <option name="placeInGrid" value="bottom" />
      </ViewImpl>
      <TabImpl>
        <option name="bottomProportion" value="0.0" />
      </TabImpl>
    </runner>
    <runner id="Debug">
      <ViewImpl>
        <option name="ID" value="FrameContent" />
        <option name="placeInGrid" value="left" />
      </ViewImpl>
      <ViewImpl>
        <option name="ID" value="VariablesContent" />
        <option name="placeInGrid" value="center" />
      </ViewImpl>
      <ViewImpl>
        <option name="ID" value="ConsoleContent" />
        <option name="placeInGrid" value="bottom" />
        <option name="tabIndex" value="1" />
      </ViewImpl>
      <ViewImpl>
        <option name="ID" value="ThreadsContent" />
        <option name="minimizedInGrid" value="true" />
        <option name="placeInGrid" value="left" />
      </ViewImpl>
      <ViewImpl>
        <option name="ID" value="MemoryView" />
        <option name="minimizedInGrid" value="true" />
        <option name="placeInGrid" value="right" />
      </ViewImpl>
      <ViewImpl>
        <option name="ID" value="OverheadMonitor" />
        <option name="minimizedInGrid" value="true" />
        <option name="placeInGrid" value="right" />
      </ViewImpl>
      <TabImpl>
        <option name="displayName" value="Debugger" />
        <option name="leftProportion" value="0.19831054" />
        <option name="rightProportion" value="0.19991955" />
      </TabImpl>
      <TabImpl>
        <option name="bottomProportion" value="0.0" />
        <option name="defaultIndex" value="1" />
        <option name="index" value="1" />
      </TabImpl>
    </runner>
    <runner id="JavaRunner.JAVAEE_CONSOLE">
      <ViewImpl>
        <option name="ID" value="ConsoleContent" />
        <option name="placeInGrid" value="center" />
      </ViewImpl>
      <ViewImpl>
        <option name="ID" value="Deployment" />
        <option name="placeInGrid" value="left" />
      </ViewImpl>
      <ViewImpl>
        <option name="ID" value="C:\Users\pawlowskim\.IntelliJIdea2016.2\system\tomcat\Unnamed_cashout-action_7\logs\localhost.2016-08-15.log" />
        <option name="placeInGrid" value="bottom" />
        <option name="tabIndex" value="1" />
      </ViewImpl>
      <ViewImpl>
        <option name="ID" value="C:\Users\pawlowskim\.IntelliJIdea2016.2\system\tomcat\Unnamed_cashout-action_7\logs\catalina.2016-08-15.log" />
        <option name="placeInGrid" value="bottom" />
        <option name="tabIndex" value="2" />
      </ViewImpl>
      <ViewImpl>
        <option name="ID" value="C:\Users\pawlowskim\.IntelliJIdea2016.2\system\tomcat\Unnamed_tta-aggregator\logs\localhost.2016-08-23.log" />
        <option name="placeInGrid" value="bottom" />
        <option name="tabIndex" value="1" />
      </ViewImpl>
      <ViewImpl>
        <option name="ID" value="C:\Users\pawlowskim\.IntelliJIdea2016.2\system\tomcat\Unnamed_tta-aggregator\logs\catalina.2016-08-23.log" />
        <option name="placeInGrid" value="bottom" />
        <option name="tabIndex" value="2" />
      </ViewImpl>
      <ViewImpl>
        <option name="ID" value="C:\Users\pawlowskim\.IntelliJIdea2016.2\system\tomcat\Unnamed_cashout-action_7\logs\localhost.2016-08-29.log" />
        <option name="placeInGrid" value="bottom" />
        <option name="tabIndex" value="1" />
      </ViewImpl>
      <ViewImpl>
        <option name="ID" value="C:\Users\pawlowskim\.IntelliJIdea2016.2\system\tomcat\Unnamed_cashout-action_7\logs\catalina.2016-08-23.log" />
        <option name="placeInGrid" value="bottom" />
        <option name="tabIndex" value="6" />
      </ViewImpl>
      <ViewImpl>
        <option name="ID" value="C:\Users\pawlowskim\.IntelliJIdea2016.2\system\tomcat\Unnamed_cashout-action_7\logs\catalina.2016-08-29.log" />
        <option name="placeInGrid" value="bottom" />
        <option name="tabIndex" value="2" />
      </ViewImpl>
      <ViewImpl>
        <option name="ID" value="C:\Users\pawlowskim\.IntelliJIdea2016.2\system\tomcat\Unnamed_cashout-action_7\logs\localhost.2016-09-20.log" />
        <option name="placeInGrid" value="bottom" />
        <option name="tabIndex" value="1" />
      </ViewImpl>
      <ViewImpl>
        <option name="ID" value="C:\Users\pawlowskim\.IntelliJIdea2016.2\system\tomcat\Unnamed_cashout-action_7\logs\catalina.2016-09-20.log" />
        <option name="placeInGrid" value="bottom" />
        <option name="tabIndex" value="2" />
      </ViewImpl>
      <ViewImpl>
        <option name="ID" value="C:\Users\pawlowskim\.IntelliJIdea2016.2\system\tomcat\Unnamed_tta-aggregator\logs\localhost.2016-09-27.log" />
        <option name="placeInGrid" value="bottom" />
        <option name="tabIndex" value="1" />
      </ViewImpl>
      <ViewImpl>
        <option name="ID" value="C:\Users\pawlowskim\.IntelliJIdea2016.2\system\tomcat\Unnamed_tta-aggregator\logs\catalina.2016-09-27.log" />
        <option name="placeInGrid" value="bottom" />
        <option name="tabIndex" value="2" />
      </ViewImpl>
      <ViewImpl>
        <option name="ID" value="C:\Users\pawlowskim\.IntelliJIdea2016.2\system\tomcat\Unnamed_tta-aggregator\logs\localhost.2016-09-28.log" />
        <option name="placeInGrid" value="bottom" />
        <option name="tabIndex" value="4" />
      </ViewImpl>
      <ViewImpl>
        <option name="ID" value="C:\Users\pawlowskim\.IntelliJIdea2016.2\system\tomcat\Unnamed_tta-aggregator\logs\catalina.2016-09-28.log" />
        <option name="placeInGrid" value="bottom" />
        <option name="tabIndex" value="5" />
      </ViewImpl>
      <ViewImpl>
        <option name="ID" value="C:\Users\pawlowskim\.IntelliJIdea2016.2\system\tomcat\Unnamed_tta-aggregator\logs\localhost.2016-10-05.log" />
        <option name="placeInGrid" value="bottom" />
        <option name="tabIndex" value="1" />
      </ViewImpl>
      <ViewImpl>
        <option name="ID" value="C:\Users\pawlowskim\.IntelliJIdea2016.2\system\tomcat\Unnamed_tta-aggregator\logs\catalina.2016-10-05.log" />
        <option name="placeInGrid" value="bottom" />
        <option name="tabIndex" value="2" />
      </ViewImpl>
      <ViewImpl>
        <option name="ID" value="C:\Users\pawlowskim\.IntelliJIdea2016.2\system\tomcat\Unnamed_translation-tools-boot\logs\localhost.2016-10-05.log" />
        <option name="placeInGrid" value="bottom" />
        <option name="tabIndex" value="1" />
      </ViewImpl>
      <ViewImpl>
        <option name="ID" value="C:\Users\pawlowskim\.IntelliJIdea2016.2\system\tomcat\Unnamed_translation-tools-boot\logs\catalina.2016-10-05.log" />
        <option name="placeInGrid" value="bottom" />
        <option name="tabIndex" value="2" />
      </ViewImpl>
      <ViewImpl>
        <option name="ID" value="C:\Users\pawlowskim\.IntelliJIdea2016.2\system\tomcat\Unnamed_translation-tools-boot\logs\localhost.2016-10-06.log" />
        <option name="placeInGrid" value="bottom" />
        <option name="tabIndex" value="1" />
      </ViewImpl>
      <ViewImpl>
        <option name="ID" value="C:\Users\pawlowskim\.IntelliJIdea2016.2\system\tomcat\Unnamed_translation-tools-boot\logs\catalina.2016-10-06.log" />
        <option name="placeInGrid" value="bottom" />
        <option name="tabIndex" value="2" />
      </ViewImpl>
      <ViewImpl>
        <option name="ID" value="C:\Users\pawlowskim\.IntelliJIdea2016.2\system\tomcat\Unnamed_tta-aggregator_2\logs\localhost.2016-10-06.log" />
        <option name="placeInGrid" value="bottom" />
        <option name="tabIndex" value="1" />
      </ViewImpl>
      <ViewImpl>
        <option name="ID" value="C:\Users\pawlowskim\.IntelliJIdea2016.2\system\tomcat\Unnamed_tta-aggregator_2\logs\catalina.2016-10-06.log" />
        <option name="placeInGrid" value="bottom" />
        <option name="tabIndex" value="2" />
      </ViewImpl>
      <ViewImpl>
        <option name="ID" value="C:\Users\pawlowskim\.IntelliJIdea2016.2\system\tomcat\Unnamed_tta-aggregator\logs\localhost.2016-10-06.log" />
        <option name="placeInGrid" value="bottom" />
        <option name="tabIndex" value="1" />
      </ViewImpl>
      <ViewImpl>
        <option name="ID" value="C:\Users\pawlowskim\.IntelliJIdea2016.2\system\tomcat\Unnamed_tta-aggregator\logs\catalina.2016-10-06.log" />
        <option name="placeInGrid" value="bottom" />
        <option name="tabIndex" value="2" />
      </ViewImpl>
      <ViewImpl>
        <option name="ID" value="C:\Users\pawlowskim\.IntelliJIdea2016.2\system\tomcat\Unnamed_tta-aggregator_2\logs\localhost.2016-10-11.log" />
        <option name="placeInGrid" value="bottom" />
        <option name="tabIndex" value="1" />
      </ViewImpl>
      <ViewImpl>
        <option name="ID" value="C:\Users\pawlowskim\.IntelliJIdea2016.2\system\tomcat\Unnamed_tta-aggregator_2\logs\catalina.2016-10-11.log" />
        <option name="placeInGrid" value="bottom" />
        <option name="tabIndex" value="2" />
      </ViewImpl>
      <ViewImpl>
        <option name="ID" value="C:\Users\pawlowskim\.IntelliJIdea2016.2\system\tomcat\Unnamed_tta-aggregator_2\logs\localhost.2016-10-12.log" />
        <option name="placeInGrid" value="bottom" />
        <option name="tabIndex" value="1" />
      </ViewImpl>
      <ViewImpl>
        <option name="ID" value="C:\Users\pawlowskim\.IntelliJIdea2016.2\system\tomcat\Unnamed_tta-aggregator_2\logs\catalina.2016-10-12.log" />
        <option name="placeInGrid" value="bottom" />
        <option name="tabIndex" value="2" />
      </ViewImpl>
      <ViewImpl>
        <option name="ID" value="C:\Users\pawlowskim\.IntelliJIdea2016.2\system\tomcat\Unnamed_tta-aggregator\logs\localhost.2016-10-12.log" />
        <option name="placeInGrid" value="bottom" />
        <option name="tabIndex" value="1" />
      </ViewImpl>
      <ViewImpl>
        <option name="ID" value="C:\Users\pawlowskim\.IntelliJIdea2016.2\system\tomcat\Unnamed_tta-aggregator\logs\catalina.2016-10-12.log" />
        <option name="placeInGrid" value="bottom" />
        <option name="tabIndex" value="2" />
      </ViewImpl>
      <ViewImpl>
        <option name="ID" value="C:\Users\pawlowskim\.IntelliJIdea2016.2\system\tomcat\Unnamed_tta-aggregator_2\logs\localhost.2016-10-13.log" />
        <option name="placeInGrid" value="bottom" />
        <option name="tabIndex" value="1" />
      </ViewImpl>
      <ViewImpl>
        <option name="ID" value="C:\Users\pawlowskim\.IntelliJIdea2016.2\system\tomcat\Unnamed_tta-aggregator_2\logs\catalina.2016-10-13.log" />
        <option name="placeInGrid" value="bottom" />
        <option name="tabIndex" value="2" />
      </ViewImpl>
      <ViewImpl>
        <option name="ID" value="C:\Users\pawlowskim\.IntelliJIdea2016.2\system\tomcat\Unnamed_tta-aggregator\logs\localhost.2016-10-13.log" />
        <option name="placeInGrid" value="bottom" />
        <option name="tabIndex" value="6" />
      </ViewImpl>
      <ViewImpl>
        <option name="ID" value="C:\Users\pawlowskim\.IntelliJIdea2016.2\system\tomcat\Unnamed_tta-aggregator\logs\catalina.2016-10-13.log" />
        <option name="placeInGrid" value="bottom" />
        <option name="tabIndex" value="6" />
      </ViewImpl>
      <ViewImpl>
        <option name="ID" value="C:\Users\pawlowskim\.IntelliJIdea2016.2\system\tomcat\Unnamed_tta-aggregator_2\logs\localhost.2016-10-14.log" />
        <option name="placeInGrid" value="bottom" />
        <option name="tabIndex" value="1" />
      </ViewImpl>
      <ViewImpl>
        <option name="ID" value="C:\Users\pawlowskim\.IntelliJIdea2016.2\system\tomcat\Unnamed_tta-aggregator_2\logs\catalina.2016-10-14.log" />
        <option name="placeInGrid" value="bottom" />
        <option name="tabIndex" value="2" />
      </ViewImpl>
      <ViewImpl>
        <option name="ID" value="C:\Users\pawlowskim\.IntelliJIdea2016.2\system\tomcat\Unnamed_tta-aggregator_2\logs\localhost.2016-10-17.log" />
        <option name="placeInGrid" value="bottom" />
        <option name="tabIndex" value="1" />
      </ViewImpl>
      <ViewImpl>
        <option name="ID" value="C:\Users\pawlowskim\.IntelliJIdea2016.2\system\tomcat\Unnamed_tta-aggregator_2\logs\catalina.2016-10-17.log" />
        <option name="placeInGrid" value="bottom" />
        <option name="tabIndex" value="2" />
      </ViewImpl>
      <ViewImpl>
        <option name="ID" value="C:\Users\pawlowskim\.IntelliJIdea2016.3\system\tomcat\Unnamed_tta-aggregator\logs\localhost.2017-01-20.log" />
        <option name="placeInGrid" value="bottom" />
        <option name="tabIndex" value="1" />
      </ViewImpl>
      <ViewImpl>
        <option name="ID" value="C:\Users\pawlowskim\.IntelliJIdea2016.3\system\tomcat\Unnamed_tta-aggregator\logs\catalina.2017-01-20.log" />
        <option name="placeInGrid" value="bottom" />
        <option name="tabIndex" value="2" />
      </ViewImpl>
      <ViewImpl>
        <option name="ID" value="C:\Users\pawlowskim\.IntelliJIdea2016.3\system\tomcat\Unnamed_tta-aggregator\logs\localhost.2017-01-23.log" />
        <option name="placeInGrid" value="bottom" />
        <option name="tabIndex" value="1" />
      </ViewImpl>
      <ViewImpl>
        <option name="ID" value="C:\Users\pawlowskim\.IntelliJIdea2016.3\system\tomcat\Unnamed_tta-aggregator\logs\catalina.2017-01-23.log" />
        <option name="placeInGrid" value="bottom" />
        <option name="tabIndex" value="2" />
      </ViewImpl>
      <ViewImpl>
        <option name="ID" value="C:\Users\pawlowskim\.IntelliJIdea2016.3\system\tomcat\Unnamed_tta-aggregator\logs\localhost.2017-01-24.log" />
        <option name="placeInGrid" value="bottom" />
        <option name="tabIndex" value="1" />
      </ViewImpl>
      <ViewImpl>
        <option name="ID" value="C:\Users\pawlowskim\.IntelliJIdea2016.3\system\tomcat\Unnamed_tta-aggregator\logs\catalina.2017-01-24.log" />
        <option name="placeInGrid" value="bottom" />
        <option name="tabIndex" value="2" />
      </ViewImpl>
      <ViewImpl>
        <option name="ID" value="C:\Users\pawlowskim\.IntelliJIdea2016.3\system\tomcat\Unnamed_tta-aggregator\logs\localhost.2017-01-25.log" />
        <option name="placeInGrid" value="bottom" />
        <option name="tabIndex" value="1" />
      </ViewImpl>
      <ViewImpl>
        <option name="ID" value="C:\Users\pawlowskim\.IntelliJIdea2016.3\system\tomcat\Unnamed_tta-aggregator\logs\catalina.2017-01-25.log" />
        <option name="placeInGrid" value="bottom" />
        <option name="tabIndex" value="2" />
      </ViewImpl>
      <TabImpl>
        <option name="displayName" value="Server" />
        <option name="leftProportion" value="0.1632321" />
      </TabImpl>
      <TabImpl>
        <option name="defaultIndex" value="10" />
        <option name="index" value="1" />
      </TabImpl>
      <TabImpl>
        <option name="defaultIndex" value="11" />
        <option name="index" value="2" />
      </TabImpl>
      <TabImpl>
        <option name="defaultIndex" value="4" />
        <option name="index" value="4" />
      </TabImpl>
      <TabImpl>
        <option name="defaultIndex" value="5" />
        <option name="index" value="5" />
      </TabImpl>
      <TabImpl>
        <option name="defaultIndex" value="6" />
        <option name="index" value="6" />
      </TabImpl>
    </runner>
    <runner id="uat-translation-manager">
      <ViewImpl>
        <option name="ID" value="Input" />
        <option name="placeInGrid" value="center" />
      </ViewImpl>
      <TabImpl>
        <option name="displayName" value="Database Console" />
      </TabImpl>
    </runner>
  </component>
</application>