<application>
  <component name="ActionsCollector">
    <counts>
      <entry action="$Copy" count="12" />
      <entry action="$Delete" count="13" />
      <entry action="$Paste" count="6" />
      <entry action="$Redo" count="421" />
      <entry action="$SelectAll" count="23" />
      <entry action="$Undo" count="3484" />
      <entry action="Back" count="2" />
      <entry action="CheckinFiles" count="1" />
      <entry action="ClassNameCompletion" count="1" />
      <entry action="CloseActiveTab" count="2" />
      <entry action="CodeCompletion" count="681" />
      <entry action="CommentByLineComment" count="236" />
      <entry action="CompileDirty" count="1" />
      <entry action="ContextHelp" count="1" />
      <entry action="Coverage" count="1" />
      <entry action="Debug" count="122" />
      <entry action="Debugger.EditFrameSource" count="3" />
      <entry action="EditSource" count="1" />
      <entry action="EditorBackSpace" count="21549" />
      <entry action="EditorChooseLookupItem" count="3095" />
      <entry action="EditorChooseLookupItemReplace" count="318" />
      <entry action="EditorCopy" count="2522" />
      <entry action="EditorCut" count="1097" />
      <entry action="EditorDelete" count="2138" />
      <entry action="EditorDeleteLine" count="3" />
      <entry action="EditorDeleteToWordStart" count="2" />
      <entry action="EditorDown" count="7206" />
      <entry action="EditorDownWithSelection" count="1" />
      <entry action="EditorEnter" count="5038" />
      <entry action="EditorEscape" count="311" />
      <entry action="EditorIndentSelection" count="31" />
      <entry action="EditorLeft" count="10286" />
      <entry action="EditorLeftWithSelection" count="160" />
      <entry action="EditorLineEnd" count="1" />
      <entry action="EditorPaste" count="4620" />
      <entry action="EditorRight" count="12743" />
      <entry action="EditorRightWithSelection" count="80" />
      <entry action="EditorScrollDown" count="3" />
      <entry action="EditorScrollUp" count="3" />
      <entry action="EditorSelectWord" count="1" />
      <entry action="EditorSplitLine" count="3" />
      <entry action="EditorStartNewLine" count="15" />
      <entry action="EditorTab" count="730" />
      <entry action="EditorToggleInsertState" count="24" />
      <entry action="EditorUnSelectWord" count="2" />
      <entry action="EditorUp" count="3515" />
      <entry action="EditorUpWithSelection" count="4" />
      <entry action="EvaluateExpression" count="37" />
      <entry action="ExpandLiveTemplateByTab" count="5" />
      <entry action="Find" count="73" />
      <entry action="FindInPath" count="36" />
      <entry action="FindNext" count="77" />
      <entry action="Generate" count="1" />
      <entry action="Git.Add" count="1" />
      <entry action="GotoDeclaration" count="411" />
      <entry action="GotoLine" count="1" />
      <entry action="HideAllWindows" count="6" />
      <entry action="ImportSettings" count="1" />
      <entry action="ManageRecentProjects" count="1" />
      <entry action="Maven.ShowSettings" count="1" />
      <entry action="MethodDown" count="2" />
      <entry action="MoveStatementDown" count="3" />
      <entry action="MoveStatementUp" count="3" />
      <entry action="NewClass" count="57" />
      <entry action="NewDir" count="16" />
      <entry action="NewProject" count="13" />
      <entry action="NextTemplateVariable" count="37" />
      <entry action="OpenFile" count="36" />
      <entry action="PasteMultiple" count="1" />
      <entry action="Pause" count="9" />
      <entry action="QuickDocCopy" count="1" />
      <entry action="Refactorings.QuickListPopupAction" count="2" />
      <entry action="ReformatCode" count="25" />
      <entry action="RenameElement" count="48" />
      <entry action="RenameFile" count="1" />
      <entry action="Replace" count="6" />
      <entry action="Rerun" count="1" />
      <entry action="Resume" count="188" />
      <entry action="Run" count="1074" />
      <entry action="RunClass" count="3" />
      <entry action="RunToCursor" count="1" />
      <entry action="SaveAll" count="1245" />
      <entry action="SearchEverywhere" count="9" />
      <entry action="ShowProjectStructureSettings" count="17" />
      <entry action="ShowRecentTests" count="1" />
      <entry action="ShowSettings" count="17" />
      <entry action="Stop" count="91" />
      <entry action="TemplateProjectStructure" count="1" />
      <entry action="ToggleLineBreakpoint" count="101" />
      <entry action="Vcs.RollbackChangedLines" count="5" />
      <entry action="ViewToolButtons" count="2" />
      <entry action="XDebugger.CopyValue" count="1" />
    </counts>
  </component>
</application>