<application>
  <component name="FeatureUsageStatistics" first-run="1569618341279" have-been-shown="false" show-in-other="true" show-in-compilation="true">
    <feature id="editing.completion.smarttype.afternew" count="0" last-shown="0" last-used="0" shown-count="0" />
    <feature id="editing.completion.camelHumps" count="8" last-shown="0" last-used="1606825520381" shown-count="0" />
    <feature id="editing.completion.second.smarttype.aslist" count="0" last-shown="0" last-used="0" shown-count="0" />
    <feature id="codeassists.surroundwith.statement" count="0" last-shown="0" last-used="0" shown-count="0" />
    <feature id="refactoring.rename" count="15" last-shown="0" last-used="1606823949893" shown-count="0" />
    <feature id="navigation.popup.action" count="0" last-shown="0" last-used="0" shown-count="0" />
    <feature id="editing.completion.cancelByControlArrows" count="0" last-shown="0" last-used="0" shown-count="0" />
    <feature id="editing.completion.finishBySmartEnter" count="0" last-shown="0" last-used="0" shown-count="0" />
    <feature id="navigation.popup.symbol" count="0" last-shown="0" last-used="0" shown-count="0" />
    <feature id="find.recent.search" count="2" last-shown="0" last-used="1606853067772" shown-count="0" />
    <feature id="editing.completion.replace" count="1" last-shown="1614553670451" last-used="1604684165066" shown-count="7830" />
    <feature id="switcher" count="0" last-shown="0" last-used="0" shown-count="0" />
    <feature id="codeassists.complete.statement" count="0" last-shown="0" last-used="0" shown-count="0" />
    <feature id="navigation.goto.inspection" count="0" last-shown="0" last-used="0" shown-count="0" />
    <feature id="editing.completion.variable.name" count="2802" last-shown="0" last-used="1614529925712" shown-count="0" />
    <feature id="navigation.popup.file" count="0" last-shown="0" last-used="0" shown-count="0" />
    <feature id="codeassists.overrideimplement" count="1" last-shown="0" last-used="1603572223965" shown-count="0" />
    <feature id="editing.completion.smarttype.casting" count="0" last-shown="0" last-used="0" shown-count="0" />
    <feature id="navigation.popup.wildcards" count="0" last-shown="0" last-used="0" shown-count="0" />
    <feature id="refactoring.introduceVariable" count="0" last-shown="0" last-used="0" shown-count="0" />
    <feature id="codeassists.javadoc.external" count="0" last-shown="0" last-used="0" shown-count="0" />
    <feature id="codeassists.surroundwith.expression" count="0" last-shown="0" last-used="0" shown-count="0" />
    <feature id="navigation.recent.files" count="0" last-shown="0" last-used="0" shown-count="0" />
    <feature id="navigation.goto.declaration" count="20" last-shown="0" last-used="1614529991508" shown-count="0" />
    <feature id="scratch" count="1" last-shown="0" last-used="1603370740552" shown-count="0" />
    <feature id="editing.completion.finishByDotEtc" count="2" last-shown="0" last-used="1603377573025" shown-count="0" />
    <feature id="navigation.goto.implementation" count="0" last-shown="0" last-used="0" shown-count="0" />
    <feature id="refactoring.move.moveInner" count="0" last-shown="0" last-used="0" shown-count="0" />
    <feature id="editing.completion.finishByCtrlDot" count="0" last-shown="0" last-used="0" shown-count="0" />
    <feature id="navigation.select.in" count="0" last-shown="0" last-used="0" shown-count="0" />
    <feature id="editing.completion.global.member.name" count="0" last-shown="1607189523013" last-used="0" shown-count="31" />
    <feature id="editing.completion.finishByExclamation" count="0" last-shown="0" last-used="0" shown-count="0" />
    <feature id="ui.tree.speedsearch" count="1" last-shown="0" last-used="1604675725262" shown-count="0" />
    <feature id="ui.horizontal.scrolling" count="0" last-shown="0" last-used="0" shown-count="0" />
    <feature id="refactoring.copyClass" count="22" last-shown="0" last-used="1606767386634" shown-count="0" />
    <feature id="move.element.left.right" count="0" last-shown="0" last-used="0" shown-count="0" />
    <feature id="jar.diff" count="0" last-shown="0" last-used="0" shown-count="0" />
    <feature id="codeassists.comment.line" count="55" last-shown="0" last-used="1614526380916" shown-count="0" />
    <feature id="codeassists.highlight.return" count="0" last-shown="0" last-used="0" shown-count="0" />
    <feature id="editing.completion.second.smarttype.chain" count="0" last-shown="0" last-used="0" shown-count="0" />
    <feature id="ant.quickfix.CreateProperty" count="0" last-shown="0" last-used="0" shown-count="0" />
    <feature id="editing.completion.second.smarttype.toar" count="0" last-shown="0" last-used="0" shown-count="0" />
    <feature id="navigation.popup.camelprefix" count="0" last-shown="0" last-used="0" shown-count="0" />
    <feature id="SearchEverywhere" count="16" last-shown="0" last-used="1614542871034" shown-count="0" />
    <feature id="navigation.popup.class" count="0" last-shown="0" last-used="0" shown-count="0" />
    <feature id="editor.delete.line" count="0" last-shown="0" last-used="0" shown-count="0" />
    <feature id="codeassists.highlight.throws" count="38" last-shown="0" last-used="1606824434721" shown-count="0" />
    <feature id="codeassists.quickdefinition" count="1" last-shown="0" last-used="1569618941090" shown-count="0" />
    <feature id="find.completion" count="0" last-shown="0" last-used="0" shown-count="0" />
    <feature id="editing.completion.basic" count="836" last-shown="0" last-used="1614553670838" shown-count="0" />
    <feature id="tag.name.completion" count="0" last-shown="0" last-used="0" shown-count="0" />
    <feature id="editing.completion.second.smarttype.array.member" count="0" last-shown="0" last-used="0" shown-count="0" />
    <feature id="editing.completion.postfix" count="0" last-shown="0" last-used="0" shown-count="0" />
    <feature id="refactoring.introduceVariable.incompleteStatement" count="0" last-shown="0" last-used="0" shown-count="0" />
    <feature id="dir.diff" count="0" last-shown="0" last-used="0" shown-count="0" />
    <feature id="editing.select.word" count="658" last-shown="0" last-used="1614529889890" shown-count="0" />
    <feature id="editing.add.carets.using.double.ctrl" count="18" last-shown="0" last-used="1606764380254" shown-count="0" />
    <feature id="codeassists.quickjavadoc.lookup" count="0" last-shown="0" last-used="0" shown-count="0" />
    <feature id="ui.scheme.quickswitch" count="0" last-shown="0" last-used="0" shown-count="0" />
    <feature id="codeassists.highlight.implements" count="0" last-shown="0" last-used="0" shown-count="0" />
    <feature id="editing.completion.smarttype.general" count="0" last-shown="1614553649517" last-used="0" shown-count="941" />
    <feature id="codeassist.inspect.batch" count="0" last-shown="0" last-used="0" shown-count="0" />
    <feature id="navigation.popup.file.structure" count="0" last-shown="0" last-used="0" shown-count="0" />
    <feature id="ant.quickfix.CreateTarget" count="0" last-shown="0" last-used="0" shown-count="0" />
    <feature id="codeassists.quickjavadoc.ctrln" count="0" last-shown="0" last-used="0" shown-count="0" />
    <feature id="navigation.goto.usages" count="0" last-shown="0" last-used="0" shown-count="0" />
    <feature id="codeassists.comment.block" count="1" last-shown="0" last-used="1614526352708" shown-count="0" />
    <feature id="codeassists.quickjavadoc" count="1" last-shown="0" last-used="1597843103308" shown-count="0" />
    <feature id="ui.recentchanges" count="0" last-shown="0" last-used="0" shown-count="0" />
    <feature id="editing.completion.second.basic" count="3" last-shown="0" last-used="1605284603563" shown-count="0" />
    <feature id="editing.completion.changeSorting" count="0" last-shown="0" last-used="0" shown-count="0" />
    <feature id="codeassists.quickdefinition.lookup" count="0" last-shown="0" last-used="0" shown-count="0" />
    <completionStatsTag>
      <option name="sparedCharacters" value="3760" />
      <option name="invocations" value="479" />
      <option name="startDate" value="1569535200000" />
      <option name="dayCount" value="20" />
      <option name="lastDate" value="1614553200000" />
    </completionStatsTag>
    <fixesStatsTag>
      <option name="invocations" value="19" />
      <option name="startDate" value="1569535200000" />
      <option name="dayCount" value="9" />
      <option name="lastDate" value="1606777200000" />
    </fixesStatsTag>
  </component>
  <component name="UsagesStatistic" show-notification="false" />
</application>