<application>
  <component name="WindowStateApplicationService">
    <state x="91" y="91" width="1738" height="848" key="#com.intellij.execution.junit2.states.ComparisonFailureState$DiffDialog" />
    <state x="91" y="91" width="1738" height="848" key="#com.intellij.execution.junit2.states.ComparisonFailureState$DiffDialog/-1920.0.1600.900/0.0.1920.1080" />
    <state x="91" y="91" width="1738" height="848" key="#com.intellij.execution.junit2.states.ComparisonFailureState$DiffDialog/-1920.0.1600.900/0.0.1920.1080@0.0.1920.1080" />
    <state x="91" y="91" width="2218" height="1118" key="DiffContextDialog" />
    <state x="91" y="91" width="2218" height="1118" key="DiffContextDialog/-2400.736.1920.1080/0.0.2400.1350" />
    <state x="91" y="91" width="2218" height="1118" key="DiffContextDialog/-2400.736.1920.1080/0.0.2400.1350@0.0.2400.1350" />
    <state x="742" y="537" width="1853" height="1050" key="dock-window-1" />
    <state x="723" y="404" width="1185" height="955" key="dock-window-1/-1920.0.1920.1080/0.0.1920.1080" />
    <state x="723" y="404" width="1185" height="955" key="dock-window-1/-1920.0.1920.1080/0.0.1920.1080@0.0.1920.1080" />
    <state x="859" y="283" width="1327" height="704" key="dock-window-1/1920.1080/1600.900" />
    <state x="742" y="537" width="1853" height="1050" key="dock-window-1/2560.1440/1536.864" />
    <state x="859" y="283" width="1327" height="704" key="dock-window-1@1920.1080@120dpi" />
    <state x="742" y="537" width="1853" height="1050" key="dock-window-1@2560.1440" />
  </component>
</application>